adj_r2_direct,adj_r2_mediated,cum_brent_direct,cum_brent_mediated,cum_diesel_mediated,absorption_pct
0.06750220442914123,0.1505642122509444,0.06242139718834901,0.024436564750956007,0.13739530863105592,60.85226244260181
0.1034066057240518,0.4362592956980509,0.05447216548067532,0.030622734319498694,0.35005237113856613,43.78278511735964
0.13606342347747435,0.2153713643710472,-0.004069098615996032,0.00938931764893744,0.00020527600976236182,330.7468689018029
0.34186426525123814,0.5885298682551451,0.03576683756733001,0.010018176489757549,0.1918086713721098,71.99032072405443
0.07480880932057143,0.14541324912620712,0.009603680199346558,0.014870108333645812,-0.004809348594425493,-54.837604178631295
0.33603447381411056,0.44541063932184444,0.03595567970545706,-0.013309686736627847,0.08219655491340097,137.0169242958514
0.20684297782561878,0.3872521259824663,0.0863805311589661,0.03825342261524459,0.10300278898362075,55.71522644975775
0.0015022234214605579,0.277510783967739,0.012080340898476368,0.004967978656393824,0.09459852635534947,58.87550940702005
0.22386821518410072,0.30507370379881027,0.06408201166821284,0.0317575036558318,0.11272548190516937,50.442405241181355
0.6702756592389619,0.7540416569111464,0.19785769489227126,0.16191882868167784,0.059854177349365205,18.163997225461088
0.197813780358003,0.2730208406751775,0.14321783740838467,0.1184069560674188,0.0015041988858687655,17.32387654354661
0.06536456633511256,0.24267266850684588,0.005880446970817591,-0.019914477563420817,0.10683977057851454,438.6558481395844
0.10728064676818139,0.14498496453044996,0.06107096369623115,0.01355399054149697,0.10481689222661904,77.80616233777653
0.40248927250028155,0.506180783811126,0.0756413441680509,0.035878079053974256,0.05187474523690888,52.568163021713865
0.06984379834414844,0.3417501183316899,0.015377519877639214,0.005448525179360474,0.19587741879157916,64.56824492691248
0.1263674841500373,0.21213519066306907,0.05445964939332947,0.015368293485054307,0.15773888018423954,71.7804031861125
0.054464408543529186,0.14871286311057974,0.001933223567161001,0.00653715948490732,0.01247736961556,-238.14813744006557
0.17384839187494538,0.20527959407426954,0.09453276569877715,0.04740917452690333,0.10935431036378578,49.848950068836714
0.13568338774578104,0.34785448851945555,0.018346721469195887,0.007358300309148125,0.03045138949379414,59.893105035127405
0.06988380252302362,0.14334093615947874,0.04733915887821472,0.0017623318498310257,0.13861246215626288,96.27722187805486
0.10420025465745786,0.3170327557294318,0.0038897027940467143,-0.003167032483782423,0.09933019637102297,181.42093757470735
0.21436358288551227,0.300436779859236,0.07941498223710859,0.037636183932744066,0.17141926288872233,52.6082070756195
0.30206226185617513,0.34227115455575474,0.10511975036054358,0.11159385635780769,0.03899691959534637,-6.158791259548264
0.18543085388885083,0.23278388549563,0.04878436374031445,0.03243780907086526,0.10987773136918846,33.50777465596156
0.03763646129257936,0.15844519554665437,0.024869959227957726,-0.023024571309036873,0.11878360327275338,192.57985145047465
0.06925077817267278,0.12137942460056705,0.048364616000454407,0.017043767383746123,0.08131819550697758,64.75984140226402
0.08148306802349481,0.2732835553552365,0.016284150030259605,0.010836169685290616,0.09198916178751695,33.455724338362266
0.0534584824592127,0.11946639463655628,0.007829975981308137,0.007609085979385297,0.019939025920559843,2.821081475219754
0.057124665227416105,0.10561196635230718,0.046100042150779064,0.023024194125136718,0.10335053348720052,50.056023702035546
0.0261146462664279,0.18510154770722953,0.051251119481926496,-0.01496339532444538,0.15306767551163145,129.19623117641783
0.044553156758303625,0.27771860243105895,0.07133554068697191,0.033518199487366396,0.1701266158241606,53.01332384309262
0.09600008400207483,0.10982173671939899,0.06177872442419616,0.02279813152998591,0.13177829668444885,63.09711515983191
0.20240659402717076,0.3776383464248426,0.002567517414781866,-0.005937678936690142,0.06094122080748329,331.2614863877993
0.09894615171975141,0.2156594572937124,0.07148562864955257,0.04776881649346846,0.012673191519637417,33.17703516653981
0.15444854479124837,0.3008967337155002,0.09963417476524593,0.021078675743641445,0.1799256745533053,78.84393001366632
0.15846689826772709,0.18805544321579204,0.04357689778946521,0.015310924376523465,0.1102602097325764,64.86458386621338
0.3773605719189548,0.47531992031006554,0.08602337951780252,0.02485127863859031,0.09431072496387075,71.11101798384084
0.12882901188528906,0.22423103220571183,0.0368606230918668,0.005456933932075875,0.1742559631200474,85.19576319023233
0.07314156869393129,0.22746242401777694,0.04093606532707646,0.018204383528535345,0.14613835787327056,55.529718396031654
0.20382536725882727,0.3147299020219263,0.01080694006589297,0.010610116494733455,0.04401569092834423,1.8212701278939765
0.055894625395763176,0.1131756953189259,0.05277279815771734,0.024331409370945127,0.13212279370041283,53.8940321143707
0.046714281367685295,0.07860406670037834,0.052418662520205474,0.0036256770473262526,0.10594369251907935,93.08323243476751
0.06470539317534163,0.1928350513552881,0.02324697014361741,0.018001456526304575,0.07038732491041999,22.56428938870995
-0.005360304893262446,0.2768203192904002,0.0310942516910988,-0.002781829606450615,0.24103828476932468,108.94644333006079
0.17025772236536452,0.3976944164923406,0.021868062797390987,0.005165493929976365,0.14191731488880813,76.3788224963729
0.023208168362576997,0.08739029949646848,0.05544836827302047,0.004304596873844393,0.08747268533461297,92.23674743204504
0.09042621509926407,0.3514127729575468,0.04724307746613018,0.021133822303169764,0.28286367712594884,55.265779799545946
0.08546947309982678,0.39493453419734004,0.04598149879299949,0.003159157183895934,0.13076304878917053,93.12950367686382
0.2657532997755916,0.33488056049270887,0.10422621823549369,0.11920982098879478,-0.00504575638467776,-14.376039932146842
0.18309208644728237,0.48812590433501035,0.01580349371131764,0.0058662104006773595,0.05522717152582246,62.88029401703571
0.051730421901681534,0.3898064943281099,0.012347213864675433,0.013517379218483115,0.2200402329378979,-9.477161136371405
0.301908006088485,0.3339026876619563,0.1110609218287803,0.12568345440626302,0.01763038211294453,-13.166226550888796
-0.02024588377420322,0.042179379569073916,0.016691159714860127,-0.009100357567374017,0.07598890308776635,154.52202077529685
0.025203011552388466,0.26687536528844447,0.022048778940523924,-0.0019887384764406242,0.15356987467977407,109.01972159911983
0.24318059044665485,0.4401434296876313,-0.018624029046894506,-0.004381170604130107,0.07133627174953566,76.47570999219069
0.22096461600416273,0.35855967342848505,0.039638188112986306,-0.009543063765598703,0.08645357211612617,124.07542882231841
0.3061957800435675,0.36984176946740976,0.08359123203701348,0.048296472773042096,0.11877201298894705,42.223039909667996
0.036481487023662273,0.12043230321464782,0.05504410454308114,0.004514609432553876,0.13147510091725703,91.79819624639283
0.10271201741294744,0.2114341268993375,0.07249272027805047,0.03703731884973972,0.17386365363207404,48.90891291197141
0.21735388575800996,0.4872159684772148,0.04760905087273133,-0.04745930388638441,0.16644341207864136,199.68546529787534
0.09716180643996919,0.19751139830075826,0.05024378851697465,0.017597797587223147,0.14481414852896005,64.97517781471075
0.17651055299588347,0.23351210168473502,0.005799162034553932,0.006975601851083544,0.004343418990359414,-20.28637602329218
0.12707785286271422,0.246453886678219,0.06235014145955759,0.01983114688123082,0.1679435263173053,68.19390234408054
-0.011758509310016763,0.348164062872805,0.01621411822928362,-0.005273407953650287,0.17785918765807096,132.5235568106702
0.1613262745852544,0.2602703797328991,0.06762553033438361,0.0282955933106448,0.1403086205131322,58.15841565939166
0.08095348276482606,0.38792653834295143,0.005688502582070086,0.001843223861873176,0.11897196857552836,67.59738023706032
0.11360692509361692,0.1328200639189695,0.0642680120107367,0.02320412404705565,0.08898763975268757,63.89475367126784
0.1253179067822685,0.14108271635112468,0.050251225892357164,0.04017818067651023,0.058834856125209604,20.045372101815666
0.3650323276731834,0.4613944735792026,0.13640600892109714,0.12058199191495922,0.060609093606925096,11.600674436044224
0.0544534873152317,0.11730420577687373,0.035717742512988954,0.016500641372826703,0.10296471152055181,53.80267561191429
0.27498131200301823,0.5132428342546081,0.04599923416731551,0.022007791692724352,0.1447179182089739,52.1561780514123
0.4303089513625843,0.500893426189231,0.1370129406688684,0.2833523530167806,-0.305590268113931,-106.8070005895165
0.2774443265302641,0.33474242122049136,0.09577772048259454,0.037483826781781804,0.08706982032355823,60.86373052844408
0.27322226799532057,0.4479056122814402,0.006983006422793977,-0.06595939096991163,0.09412710509131095,1044.5701031379056
0.12362014629589901,0.13770187056965877,0.06620355038027821,0.020433971703646844,0.12009776738576679,69.13462860183093
0.08904129058884935,0.2591793346522919,0.016051688385627663,0.006655205753372368,0.0649455645263482,58.53890510775616
0.29699660149395646,0.35972316280003935,0.10620425509495186,0.10210281391755882,0.04550364461265037,3.861842610473705
0.25457593810900414,0.46425120860587565,0.01594599310982476,-0.006249216658210731,0.09323219775133822,139.1898868585389
0.2229411979764987,0.26078183615653605,0.11454300393396386,0.05146238409581825,0.10395698210986996,55.071560611866566
0.26080884806201143,0.40633668002881607,0.03082349195423139,0.013953415056098943,0.07010344270856844,54.73123201998713
0.34651246403050784,0.3779141228935432,0.14806218388789802,0.07328371167449907,0.1399458705162459,50.50477458174992
0.10385651504147109,0.32705861318241836,0.012186299867680387,0.0008684079890370518,0.06942159178107042,92.87389939139624
0.2714437848679411,0.3247566484257254,0.08054724336535628,0.06558204439158004,0.08018074322903815,18.57940551223487
0.048113572492014645,0.3170913315000369,0.014057212930614718,-0.011829829593521598,0.17080189421144382,184.15487232008715
0.008315430558797354,0.13225586198039008,0.03343096884805753,-0.015695424432779118,0.14096943264641773,146.9487573157518
0.509105670488595,0.5493485164749359,0.14943115989537575,0.14130911814441913,0.03534933718151925,5.435306636609978
-0.03023018707755476,0.14013978295840912,0.026735226647277118,-0.004851137323532896,0.16941522578519647,118.14511388863413
-0.004703622899907334,0.35499854761649297,0.04702411399064636,-0.014503576019126795,0.26328509537832995,130.8428480375233
0.08402404778000305,0.1375055112467315,0.05205018578877819,0.034119426708659514,0.06543013984598003,34.44898189774469
0.23428968024238495,0.2759282636638253,0.09983581636563708,0.04434726588584627,0.11687224147282663,55.579803421019214
0.09853060360131372,0.2707320009073487,0.01648602145546718,0.004098746265227873,0.039295383194916905,75.13805088571794
0.24959615064196228,0.28933344822441187,0.07775040473081568,0.09395899296977778,0.0007064679908765567,-20.846950308591726
-0.0012321189896580265,0.24781757051367448,0.07677204861867022,-0.006652596995373225,0.1483507423984947,108.66538944195294
0.17837382176938033,0.29539316706973084,0.09773133612870509,0.04241888955953458,0.1223954501311405,56.59642931344766
0.17983013168164919,0.35229312181180183,0.07739394287680627,0.011148855757686343,0.1350192885732754,85.59466627067597
0.0006725918586772961,0.3862504421571844,0.02954144586419948,-0.012834197068350246,0.25560463793519406,143.44471535803763
0.009572186095277546,0.27285349540365245,0.024142881017088422,-0.0048188316658716686,0.08517363810841622,119.9596380500773
0.1620841762245392,0.3418554092006275,0.10302836810167035,0.07830234942077423,0.07641113890263403,23.99923354749831
0.11149226789806466,0.28139050124397813,0.05324139745947379,0.014876482647769557,0.16736628409692889,72.05842942215554
0.06326860840156134,0.0965768283253905,0.056689795996554604,0.028853844024800086,0.06863009826228958,49.102226392640894
0.1781175513659783,0.2706578613943216,0.052551933785940017,0.01197895229915174,0.18482372494922672,77.2054966655544
0.045989341616948454,0.36361956071554336,0.02180269716532041,0.009222023150885668,0.08565034722946034,57.702374706399574
0.3168870031504911,0.39853138211964867,0.06265443201288766,0.03513073865777823,0.10516975048097849,43.92936376703241
0.20701679687925634,0.3818781862320535,0.08783307662032848,0.025094788067122797,0.19748479970348437,71.42900028926601
0.10383681828082014,0.2200200054395146,0.047457224549299896,-0.00434888767527884,0.13250968430821222,109.1638053353944
0.2844956695791879,0.3970784569208726,0.08229918109929252,0.04092629666186222,0.09645357875600358,50.271319695775155
0.23469034388461352,0.24171220390628156,0.06520658425756187,0.06302518945554153,0.04661142894165772,3.345359716135369
0.05706119358361683,0.07328957972981054,0.059082940517576434,0.020608354451896918,0.0948761634192745,65.11961951899433
0.10388769830474309,0.23426043287905773,0.04589767809274669,0.040041793673165654,0.09438059724385679,12.758563532882622
0.03993544395126203,0.34025201574942554,0.013107366114641637,0.0014711444852026044,0.18976673261161126,88.77620055520342
0.09242937220650782,0.17844255293663458,0.07336590939894205,-0.012676171055103123,0.18167726437052223,117.27801257962179
0.22619459663481345,0.5685248536509078,0.036692616928178795,0.02113411445824971,0.12700324989424563,42.40226991817701
0.3340061379697288,0.6145215882889685,0.046977461563206736,0.024250494646191462,0.15656362724646564,48.378448219124905
0.19478634158821806,0.36793619151059975,0.10133178009468834,0.05572150148731628,0.20098077836076952,45.0108332891735
0.3031692240763898,0.4071733830364309,0.05014710960183524,0.02345876121664762,0.09786904303274105,53.22011297777948
0.3323533538462159,0.4419139875476239,0.002088453867926077,-0.012152593024771821,-0.018777576904100098,681.894252557269
0.07033283531074142,0.11229935233446908,0.04381282317911069,0.01330882830102523,0.09273739736123929,69.62344050138572
-0.014251949137028985,0.19485619821017441,0.021708596584953103,-0.002605238430914417,0.164745224035092,112.00095280558205
0.13800781717862742,0.23393466533502916,0.05028601575898993,0.037995207968720406,0.08772845087915296,24.44180077653542
0.07925802125333059,0.33271257449244507,0.02036762284278704,-0.0033941612617400443,0.1546076069368118,116.66449387804747
0.15115596934266806,0.18938673988191412,0.02334811012448152,0.02225273606788436,0.05451342118509201,4.691489164463948
0.08006531942673012,0.1622229803061862,0.07806143413356449,-0.0011424188069184792,0.13913542443686322,101.46348682880178
0.0547916867223992,0.05469869908929503,0.009243122040587217,0.0023629070671190924,-0.00137570100242446,74.43605032213794
0.09897942166896045,0.1208048830621935,0.04155725452179735,0.021249558976409344,0.0647140869586395,48.86678819154509
0.11222632375224828,0.2243388565242026,0.05515976600022619,-0.010670409636777295,0.16899099928828012,119.34455203586892
0.10379223710876961,0.17422248412198782,0.04514400137322687,0.010010057959637726,0.17275057815324463,77.82638300739045
0.22751448383217465,0.26743606818330046,0.08924339237122127,0.05283134171634503,0.08980396096375243,40.800836552038334
0.2167210936643057,0.28673558472392235,0.08577544589043554,0.032622103620268135,0.165815995312545,61.96801627596589
0.0858959086357548,0.2000069672600494,0.0584231889552252,0.01998323705965703,0.07511296317705794,65.79570985936435
0.14000247707222202,0.2252888285533461,0.06490994106026933,0.017319097692512733,0.10087393231012333,73.31826618601944
0.15781945833205702,0.2522680771012076,-0.008760024107313568,-0.020469318896629188,0.0639081696431931,-133.6673808869974
0.511539649810062,0.6195506602417933,0.16517449093756295,0.2053785292988946,-0.09976055502732503,-24.340343435070157
0.32528429815324866,0.36257617208110904,0.13232899504193746,0.10458997158939998,-0.002874401948355195,20.962165883407852
0.18635441626220217,0.2148155268181806,0.04511253584235609,0.026465342865071278,0.06526966462598598,41.33483660161926
0.1539690814226733,0.1894219316521366,0.05358741441423631,-0.0015201957395486751,0.08321355496737869,102.83685219032476
0.08494713660780484,0.3358008546218848,0.01879505523432911,-0.024296912224445705,0.17232900095337683,229.27289609698764
0.09049184254902143,0.2628241649861547,0.0626801936765539,0.026393282165348045,0.19302342147610108,57.8921496293642
0.2778555541980705,0.31397675422936466,0.13119606925855398,0.12163162296369859,-0.02920705561972596,7.290192723690761
0.0922744056302941,0.20198950937646998,0.09935479138699131,0.05796797665597908,0.09597193230835344,41.65558012175654
0.13885576464243965,0.3799658042813543,0.041551581669345444,-0.023294291101767124,0.177107906345412,156.06114175661432
0.12335501712837349,0.21336868363071537,0.05839205996112575,0.008259341215957125,0.13004407705014248,85.85536934053064
0.10185042879288864,0.23798511861261495,0.018924303548635394,-0.009195200424631369,0.10585680229185324,148.58937292460848
0.09723366282212786,0.3811330989397157,0.021213456505716266,0.013097844213896724,0.11967377446193884,38.25690683473801
0.23321596693486235,0.27197769849902464,0.11072733505430629,0.05912935226130493,0.13893742190725156,46.59913721186832
0.23232152568128883,0.2422828281506786,0.06452065323751566,0.0626021626850751,0.06273220267602257,2.973451842432758
0.2660438796563197,0.33270651498903436,0.07228730377428805,0.06070166526704918,0.09625544158146505,16.027210730412904
0.247609980668144,0.33116472531091756,0.05192959326307295,0.13160114533700892,-0.07860862108724395,-153.42225322336637
0.16970746398508785,0.2859532555877866,0.11847940992672046,0.02936329979031166,0.10609696615490687,75.2165377862087
0.09322061546166793,0.11814776597391763,0.049392059124328244,0.03464447106928269,0.12007688793944102,29.858216718447313
0.16045099679553976,0.25929692989066644,0.11851330948163268,0.046280856837463864,0.14606766715351388,60.94881069485572
0.14101439784746794,0.449969091870538,0.01667381713209738,0.0016091719486173647,0.1511061825070076,90.34910881012553
0.24284876871553773,0.42427558478013694,0.02147574815989461,0.007117688244950656,0.03492221082837503,66.85708832140828
0.06992488325944102,0.33011882523807556,0.02495059869553378,-0.10264335526514401,0.21926666863548547,511.3863419378287
0.1016260831633925,0.13078267424870205,0.03445665137823453,0.0077122396062178095,0.12269103759119084,77.61755917149439
0.36750180973008995,0.4190865470324555,0.0855409972379282,0.12890383691000035,-0.05036089103245846,-50.69246451670476
0.2309729063592615,0.2489981307354947,0.08857768831101893,0.07268870739872499,0.10881173218705475,17.9379042457099
0.14393549002731143,0.2514086750671801,0.07865298736968182,0.043694623780528644,0.10848100838148504,44.44632652647151
0.2950127682815662,0.3126810577830925,0.07148588427490772,0.04196820809939971,0.09257100757137944,41.29161508584572
0.07786376894956437,0.16255575062274696,0.05871753495256929,0.020398925442566482,0.09236738303980349,65.25922714731762
0.08324188188417647,0.21483057769976766,0.059880268258357405,0.01029953574904643,0.14858146799306043,82.79978355372693
0.21074033020782845,0.2711692851837897,0.09556012602254174,0.02196812582159615,0.12122010622615058,77.01120044942795
0.11839952871717607,0.13627643812360357,0.05678232113576882,0.038218818976038675,0.11950764520789803,32.692397542791646
0.11075960950459685,0.13729326666002994,0.06071592459190047,0.017795357647738715,0.12461674695757341,70.69079032008577
0.24303664144517134,0.31426259879211205,0.08261885331090724,0.02886415929000693,0.14919448444399763,65.06347143140957
0.10432815722706912,0.24163175652232072,0.037238093894253435,-0.0162648728829942,0.05936096758923785,143.6780489602455
0.007992987489295666,0.25578219485755427,0.021891114986558324,-0.03593074189948668,0.09396900255465146,264.13390510967133
0.2256393107885204,0.2968407421765282,0.05154368644548207,0.027872499988959454,0.08960159484067017,45.92451197987111
0.09023857379884259,0.27039817857102055,0.0729350307248688,0.010620025681689262,0.14357434325367008,85.43906052257529
0.06690088533615646,0.41130716406990275,0.03817036669939227,-0.009378329034135676,0.20295462484088023,124.56965925424288
0.09975514548474596,0.2754744364894016,0.019744474936300667,-0.002740250335615529,0.09706544541416132,113.87856777380043
0.1695518942338985,0.2594410498248224,0.06436101934620714,0.02455647017450998,0.18313386343215482,61.84574075432645
0.24451875777361398,0.3214129416091538,0.09339240278156273,0.0069342002764145715,0.2371915601488798,92.57519876361559
0.18690957386418572,0.24378351642469664,0.07992067708498612,0.030839719002332514,0.13888424516777212,61.412089928194504
0.19491805427590692,0.2728538099122483,0.03764157633354501,0.006850064327657888,0.05750067631710461,81.80186646021696
0.21308549386753783,0.2898777606426527,0.05421927660514346,-0.0036883046374392367,0.14087915423546848,106.80257072461447
0.08864832580507498,0.1380122977810283,0.037819242773189904,0.00224051642712088,0.1514553760801372,94.07572372467176
0.09184462355953349,0.1426379692773314,0.047830591534236126,0.02074264409553576,0.06370963236464748,56.63310147295876
0.19862422711955974,0.31200390435089154,0.011051608025418796,0.009942725018301605,0.061499948959649275,10.033680208045302
0.26545725337005777,0.3709392724883338,0.08897992780732096,0.02341776107647367,0.1814699311673159,73.6819733915912
0.21527472062677588,0.31232955354106573,0.07835234364778972,0.042891357408759656,0.1198820949562045,45.2583606157777
0.21813406504452137,0.23187542849103804,0.043647516360347687,0.02187221268544586,0.08795887357734726,49.888986798534006
0.15587571827497793,0.2614427963389788,0.07425189097697653,0.009109206895038413,0.138550086456232,87.73202032273774
0.11087824623991738,0.22709960894055536,0.06268443902966211,0.022713011464523897,0.11492685204251485,63.76610875663072
0.06873701169470392,0.1613156974948553,0.06709749189776562,0.020376629403479708,0.18989135516435335,69.63130986397084
0.11482980436789825,0.15879612405964272,0.03560820140387652,0.004100958947151375,0.14727144191696367,88.48310561761505
0.1361752253230052,0.18617965806494652,0.05133069256546144,0.032849074660101375,0.14265152060004815,36.00500398819024
0.09815369614301239,0.3323185033776097,0.01985603910532398,0.0026922100167315237,0.24915975066302892,86.44135417717996
0.19875268754257236,0.4769881793721551,0.02367262091968144,0.012064934534512054,0.14463900487261622,49.03422576043848
0.13481905420681928,0.38013853853819823,0.1092850115893072,0.032176432446696115,0.20220557930611877,70.55732348035514
0.16326809766899342,0.3783578451867746,-0.001397550270446488,0.004207551228855521,0.08440951615545374,401.06618114790945
0.12075733460268756,0.21622747026022804,0.07302153212517237,0.023555502089042186,0.1367515384331225,67.74170384611526
0.09123425226225157,0.1612125570160774,0.045783305908106295,0.015601732020726573,0.10912196071728547,65.92266174041363
0.0626397893577415,0.22278095623290506,0.07883300531589618,0.02419185962112755,0.09884724063534668,69.3125239559408
0.17487912527001015,0.23294319522680884,0.10514988941639383,0.037126959805045025,0.16580190404391487,64.69139434087072
0.06074583330199457,0.12558868910770637,-0.0025560004189529133,-0.022016710029529932,0.04587314018531399,-761.3734906408685
0.11467711162317118,0.28282280716805774,0.0465287162875582,0.014838931386740719,0.22436116919277618,68.10801463974913
0.07985725754730222,0.45556303076885707,0.048354444177105584,-0.016700799929403702,0.18970001731159675,134.5382936638346
0.04135951795496662,0.13802064412454018,0.06933102846409975,0.009417573341750713,0.15871928665390897,86.4165099662019
0.19473217253172947,0.2617620034602064,0.06770811021910585,0.0638027168612218,0.008698585429192447,5.767984581531012
0.19844436786029895,0.2679942588523744,0.05460150347488059,0.02865923196280071,0.16435750963854134,47.512009488922985
0.11630031335984514,0.27585104208878675,0.06649997642629188,0.010047887089851028,0.24689884884418833,84.89038999737384
0.3692403024857709,0.36912709071215066,0.14673443873339137,0.18330855170990232,-0.030396404596014226,-24.925377636100926
0.18732835674648385,0.2919875193940136,0.07703516571785529,0.06348617933867,-0.014701726337960897,17.58805378417573
0.18192803007069225,0.3419856393475673,0.04190023793383134,0.0199384984589106,0.05263975300183478,52.41435504400385
0.3303333979274752,0.44606527238795857,0.14398946163294807,0.1382340995444253,0.06890382199084812,3.997071746260214
0.23314052423428377,0.2448990188065333,0.08174515553805131,0.07517801740137343,0.052548614282544114,8.033672568671008
0.03873004792952295,0.3763286781615932,0.04451655718384044,-0.00793755645823579,0.24699378689588858,117.83057127588728
0.003974117269000432,0.31780992219154136,0.014767504657382642,0.012149573886871103,0.09896245804137707,17.727644793413155
0.022658988129346302,0.25922774852847896,0.030245482582718888,-0.007886872596068942,0.17747264320283127,126.07620022097186
0.22444408703605523,0.284115444327544,0.0899895790393909,0.029085053364944036,0.1812905980624706,67.6795317019844
0.17288264822554467,0.19488898710150582,0.061367080047241666,0.026899212106669845,0.10300107200699346,56.16670683049891
0.028364733159400246,0.3178788796697436,0.01267824266121065,-0.013693714210052384,0.14158547046674275,208.00956075678053
0.27619224367535355,0.3325479820384801,0.07139753818873333,0.04595444437699,0.020664373681927722,35.63581386305879
0.10303670939053222,0.2852075695254337,0.06613921108845931,0.0011443598349316162,0.22568439734454743,98.2697709632474
-0.00120497317310031,0.24473390329166067,0.016237673107653772,-0.012399562827943317,0.1676124789515948,176.36292925553892
0.22425440828316978,0.2907619824444483,0.084275733974695,0.015919902860037215,0.22670101323465996,81.1097428533611
0.14584358807256648,0.3747671714196923,0.025467275297253508,0.02262521116292401,0.05705337347214626,11.159670994077631
0.3050060573161255,0.33851830275453054,0.07788842943854793,0.060290665113273766,0.07337242329607488,22.593553949060393
0.25074271625398314,0.3252700465360625,0.1366646514346878,0.07813328049332273,0.09113997075629471,42.828463927511855
0.081757787121164,0.14031709979736495,0.03033566510820332,0.02270430204817461,0.05087633877029823,25.156405942670595
0.1039088309005709,0.24271268212813668,0.014888023983077935,0.007291190790343589,0.04522010875254509,51.02647068119368
0.22943346467669434,0.3025831270257212,0.06655939752252263,0.03523832365267062,0.11614547841635901,47.05732779395045
0.12926013788006185,0.16293268711246045,0.07190791577780761,0.04353472445859367,0.1224962441277456,39.457674460883965
0.12516653276075107,0.20253362857445711,0.016916313466570587,0.012850886271934418,-0.030153576761535662,24.03258371080744
0.09660721208513146,0.22007951153355343,0.014502783459809357,0.013019970837175134,0.14650386406970217,10.224331258502536
0.38411972883852485,0.41121042797559093,0.12170137413543315,0.07339511817132206,-0.04658304243525194,39.69244908471975
0.18736490237328973,0.19936021144095972,0.09444231469082431,0.03752826606242333,0.07970876022433294,60.26329279912339
0.2873186844355421,0.3568038128282166,0.06210658410664821,0.039488011271493303,0.07480250009265632,36.41896130741104
0.20779033274533065,0.2394734857515569,0.047413637049170405,0.036908448621218,0.1055951884008081,22.15647033586135
0.1251788448136093,0.2722876070106338,0.03978405915226273,-0.051066276936569635,0.1428788941323101,228.35863917537242
0.24456850291395416,0.2884215179448243,0.06007800433727467,0.034431965743791836,0.0490228351191731,42.6879002995961
0.08389987196003534,0.43264508828419146,0.05746861004730023,-0.010985082429525858,0.16784444135636367,119.11492625362689
0.18014734658692821,0.3095439766589051,0.057386029979904316,0.029595836161262174,0.10583573330442855,48.42675792065391
0.17045935772738952,0.21986373748370536,0.05782335270798637,0.03321169375471676,0.1499824148675346,42.56352805684048
0.027574251956851592,0.21207575105484233,0.021224194799976004,-0.03843402332463185,0.12684815364351404,281.0858960108833
0.19282901608542125,0.3429265996814218,0.07483920872048207,0.027201665449563008,0.20199340273730068,63.65318939814173
0.096779405556082,0.18906810912752725,0.017985778183434574,-0.0004259591132840593,0.02784603075925479,102.36831072272636
0.29867554088588544,0.3673373399693265,0.10848491424450751,0.06105945792403261,0.08264180237670599,43.71617625431824
0.062345668122956166,0.165436244101151,0.06352507317920578,-0.05643877872717614,0.1845310655118807,188.84488581061683
0.21506948009235372,0.2530357761173233,0.07581645510054967,0.05370208968835348,0.06597975233286558,29.16829253341846
0.2743696145396556,0.4282248681912624,0.08877679807913735,0.061234475957541626,0.06891532516779966,31.024234617071873
0.0411844448939398,0.13796072251838498,0.038981034023047825,-0.007358901320809581,0.19738268010419774,118.87815832812075
0.07077510272994991,0.2979734138022755,0.00938259893817739,-0.03956506968445137,0.20395049104922847,521.6856112591876
0.24668756903349887,0.25339946791142764,0.09656845693965381,0.08501769214474178,0.006791080743256558,11.961219181673547
0.04609131100752728,0.09914485499629377,-0.006804168434054004,0.009480635855057276,-0.011483590610244093,239.3357020324172
-0.005156460265395291,0.1649127158405923,0.05085200137445881,0.003271694401801465,0.13320145602679465,93.56624259936262
0.23979510148706373,0.28086933479353515,0.09739175886977346,0.019502295111439576,0.16535973876397875,79.97541543785354
0.21347939895921808,0.49683881809172425,0.09494597784937664,0.04371840540065267,0.2663410212585329,53.95444189325425
0.17323851756398267,0.20369698744070053,0.08470260084410386,0.05205023730110266,0.09468714354114116,38.54942258868563
0.0831943755870741,0.2538523112811639,0.08345002637341437,-0.011033962024273078,0.16010556501581524,113.2222391097869
0.2963647100388269,0.3956942762738478,0.06396255709873919,0.04762245950935015,-0.004274035866242212,25.546348255221847
0.07528191626126024,0.3733007297955716,0.030329242632019766,0.008149092200136585,0.20089192027678804,73.13123740342508
0.23819273844173816,0.31116663419075574,0.07817860219707412,0.038544093685983744,0.1093885974885416,50.69738700517943
0.04796169466499811,0.11169172269022165,0.04319363019309977,-0.003580203161194853,0.1267252635588212,108.28872948439235
0.21401819237751418,0.3617642075175599,0.007823943584991631,0.007161811358296648,0.030336786997121397,8.462896230043452
0.2885655634750167,0.36563120253692927,0.07406491177780038,0.03443114219539196,0.10431199589387308,53.512207914744224
0.11674114091851062,0.18995036995903847,0.09871455540462919,0.03278364305459641,0.13880205714198363,66.78945377384638
0.018030324838149592,0.3063145352408363,0.01746636235110754,-0.0112355732847405,0.1412891651123427,164.32692199373759
0.167577576421841,0.24440062234551008,0.10255098414290854,0.02415549518806197,0.20831734500072618,76.44537944716318
0.22987001161216158,0.42756169706013525,-0.002999669470967945,0.003818545637090613,-0.023361946881288127,227.29887989487153
0.18892478800498735,0.2010078783745698,0.08421086194023678,0.04323310990720472,0.15167966606536376,48.660886599300426
0.05829252997122003,0.0961779893425262,0.06484067415576471,0.031686692905374465,0.12284500315415847,51.131456731534705
0.3040237003532882,0.3762583299519766,0.09243193700744759,0.13614899580699866,0.04994845762281995,-47.29648670678471
0.19355462573349191,0.33483791446455835,0.04189000373071211,0.013183300978151905,0.05955573463438064,68.52876628300125
0.09620791966632525,0.3385537184204339,0.023284372584739973,0.006283093457516262,0.07839084580471439,73.01583525753212
0.18164805115774785,0.19818003429663356,0.06075210234290568,0.09056627238293792,-0.030755098202576804,-49.07512479444884
0.12177494565163516,0.2598833679851963,0.060920903711559955,0.02951908298712002,0.10311559907366603,51.54523129387086
0.00561868057264947,0.32135255233813576,0.015273657898318619,-0.005411063340334066,0.18837515597191626,135.42742266690243
0.18019847374038012,0.26649736583578,0.08345545025896545,0.040946451096424696,0.19600379629004644,50.93615699230393
0.035295298701252364,0.2339481512951288,0.005184739868780744,-0.013795609968431072,0.15583124275752336,366.0810439401134
0.03431045952538758,0.2639343399665045,0.039779668147942496,-0.05884557730579719,0.11390680680330317,247.92877880968655
0.036369258447805586,0.3257999531051893,1.3870296051529674e-05,-0.06209656350564513,0.22511538647359491,447794.57894012914
0.022502883994208522,0.2857606142401322,0.054468226871467115,-0.022853523825625627,0.14008959541999547,141.95753219497092
0.10083231513184887,0.15252613115374147,0.058344261325163974,0.02745971032622784,0.048996732604055626,52.93502788013802
0.16681955935658155,0.242919788942342,0.0676299863475212,0.02963865449328805,0.19962449191460596,56.17527653933294
0.12087511250933591,0.2416398699403245,0.07909398918163671,0.0002934503213475048,0.10561495871465013,99.62898530674232
-0.0021021075229707975,0.1773179465512147,0.028495967621833356,-0.007000533816073777,0.1919533804953029,124.56675242257795
0.12447983520624417,0.11921372133396868,0.042194684130474655,0.02178101377514776,0.10533402800406647,48.379720753931046
0.41194960280460724,0.4758888052959587,0.12985009303531167,0.14637699870724577,-0.03263786293771879,-12.727681040197439
0.10948767998339526,0.1262647020557095,0.040013903855672425,0.027404288943645837,0.11292718328480986,31.513083445965822
0.1280976391378772,0.25815090599065993,0.03635095390671802,0.01212286087286647,0.08263145356371568,66.65050137617973
0.05693729798176128,0.21259927916995636,0.07493666798606709,0.01944860258873131,0.09316054029875401,74.04661414576456
0.0757157814768783,0.1965035802470746,0.034785739028337,-0.008596420403156396,0.13816060575608363,124.71248460799875
0.1356936157541052,0.21058172992675883,0.06769506974571637,0.007920975214726018,0.10196643067036157,88.29903677700658
0.15462630533212474,0.32899429125310664,0.10520648983310149,0.03820312229095147,0.15622351578567184,63.68748510519027
0.16100356145044392,0.3571102569668906,0.08550298048306013,0.007820539924390583,0.21611421590685465,90.85348852144402
0.09191272712579746,0.23796932838976437,0.07426471537610439,0.008663698927647583,0.17149798058337534,88.33403065807045
0.28233756011198785,0.36989208114654526,0.10579903791417061,0.05104073521921809,0.10260319772900033,51.75690041659466
0.09507580908673041,0.20342945553443992,0.04697084791300342,-0.009587311839922069,0.12197197622248641,120.41119602030415
0.2843027998222063,0.346985346778687,0.06770766596219721,0.06118390051514636,0.04350420423630172,9.635194707041329
0.13279727960928067,0.21940290954125796,0.07667685917655537,0.050606777901930376,0.2002206429280724,33.99993368872385
0.08894187490800376,0.14669698070487547,0.030987184160831314,0.00826206078350528,0.09611788613255404,73.33716822857122
0.1091842902048904,0.21295565253614346,0.0957978783904767,0.03258952938194692,0.07935029901334228,65.98094871254825
0.17243979458024594,0.5742842987513868,0.06793379640583622,-0.04821256055048153,0.23672158746662852,170.96991939396392
0.12049862986629234,0.19399658597652603,0.05584104490841021,-0.017225239163824544,0.14234765129646398,130.84691411501552
0.13949319450045738,0.46567179127235425,0.029607282664407278,0.007224553201739527,0.10609665884711064,75.59872925986348
0.31101235608302424,0.3360422198327758,0.08791121784983247,0.04900032521961503,0.06642663180163269,44.26157842186188
0.31755961905913777,0.3786601436578598,0.09356599084800604,0.10524110083165314,0.0009263651832674344,-12.477941907987503
0.11065068352961316,0.17443796933472444,0.053999967829524084,0.02124177768847836,0.034372349939015494,60.66335121617503
0.08283742523717286,0.15424095459878884,0.0643187457262365,0.02543261517869099,0.10893838072162955,60.45847148988063
0.1512451931589356,0.23124058085716226,0.05659829321114773,-0.0018783048472020558,0.15775541939770218,103.31865987582837
0.3010842492430462,0.2917406273748422,0.11119265506681396,0.07652407753308284,0.07559465854308664,31.17883776846529
0.07236979748110106,0.3698696941720264,0.046821630702386506,0.010677100904571156,0.13736702539320828,77.19622160868707
0.23774198022039617,0.32233655857805044,0.09501383625405437,0.03258347249692012,0.05377765230764361,65.70660255228907
0.09677864046474205,0.18005176429277547,0.07621337918310836,0.0034362858656946903,0.1703562381706447,95.4912301455119
0.12336122481221767,0.3376719899488493,0.010665679730400062,0.008447601539889585,0.03763562631426526,20.796407229333507
0.1308372929999123,0.20117068350963463,0.05692133068290429,0.008031704901472977,0.1077092743628933,85.88981528521221
0.1693023693982676,0.21628923292135305,0.0812078212118703,0.08904657002131335,-0.021209075596850497,-9.652701787173724
0.033316297983383425,0.2983838069051864,0.010805650366153566,-0.00397869198909242,0.15645632302122733,136.82047682714997
0.21390817665050987,0.26985891473287926,0.05384141023084339,0.04533986315705309,0.07397807498800767,15.789978452161977
0.21594000923229995,0.3429243643268155,0.004999568601069048,0.004374471657968166,0.05914237183941315,12.503017619704613
0.09250364060002525,0.1874930340519234,0.08938631102062705,0.032002616395993576,0.1512772016941081,64.1974078238797
0.27430896798210036,0.27982471991167657,0.12583769829901226,0.07339701298042638,0.10151118517532481,41.67327122749631
0.2729388797777663,0.33771870958013406,0.08997474769789712,0.050206032392993635,0.07825997423229755,44.199863097624394
0.13589855976655163,0.2599379161754082,0.07102047105487438,0.023283780693188524,0.14722597548141347,67.21539529750771
0.32283662836544635,0.36759448756151947,0.11597154839167381,0.10199740489064188,0.024247789481904633,12.04963087483896
0.1855213691273151,0.2545950474287011,0.09653157043286147,0.021535307063275697,0.16609116171976387,77.69091814552661
0.08490422803312891,0.4294403476580211,0.016896487702034838,0.012410219464071774,0.0986891017580322,26.551484054421465
0.085534030659144,0.20774439322770932,0.019099860054161602,-0.008915827014760165,0.08052328192645702,146.68006461553904
0.10878468849028322,0.24396060146830323,0.009179258023813431,0.0027762408380797503,0.01055116643714469,69.75528053708213
0.28843395767636415,0.32319506170916656,0.1124108528981387,0.11286822235943937,0.004969289660350977,-0.40687304607067043
0.10197827504955004,0.2402873772074341,0.0641690667796653,0.020229156919105117,0.1527437079881075,68.47522032918891
0.3597104210829659,0.4876466953394154,0.15018897026845146,0.12727387869931076,0.05057734710527691,15.257506279044131
0.04481953156944285,0.2594685781873831,0.04309320840434528,-0.013675829885635236,0.13985815295127707,131.73546457092354
0.3464954437751573,0.4174207707328267,0.18263043260213355,0.17185677837501362,-0.040576627246432885,5.899156057189379
0.13111663501985116,0.45571059640726785,0.03304548297026495,0.01150872863997467,0.11766853097458282,65.17306570967513
0.36576332737378614,0.44201407757966005,0.12431590729482415,0.21010746599388405,-0.08024675846006374,-69.0109259272822
0.12785979873745046,0.3628199054155141,0.03300541412917729,0.005215982513416728,0.2380460976875286,84.1965851632635
0.06335627647276987,0.18960185349698,0.07443281780065084,0.0009105451734801105,0.14492765429151652,98.77668856240433
0.07960565419830512,0.4072673609565416,0.02677112991132202,0.011536310782252705,0.09321870975440011,56.907643343907644
0.107762530030588,0.18257314630507693,0.03582357153258045,0.0073733686513988116,0.138081570485576,79.41755013261881
0.3442087010013384,0.41285049534830276,0.09610974022787491,0.03919314187819868,0.20675716227256424,59.22042678996711
0.019705175299014832,0.17294289438747223,0.010887116002319576,0.007119467895944931,0.14206446253862753,34.606484449802146
0.2678790647242961,0.32521475788269427,0.09229126440180982,0.03933515062580444,0.07760410979376747,57.379334999084605
0.1579900805942932,0.24106067518714336,0.05977561426315308,0.049485027754572274,0.1458880479948273,17.215358864031174
0.20387644483560374,0.33910679632056084,0.05087769937064185,0.01875939939714457,0.23746433799231242,63.128444035011974
0.3573437131250954,0.4018852517378585,0.09669264993507007,0.08043992670119886,0.03167857499173977,16.8086439297972
0.030843971645228896,0.24909504928709247,0.02545387735756125,0.010246221882374387,0.1483030412461897,59.745928926892255
0.08456763683288171,0.07004906649458265,0.05465063209504657,0.0555283688796452,-0.0014944278338879756,-1.606087159380143
0.1928989556579963,0.23600770515913438,0.11610612693211159,0.035357782296090656,0.15907687328204329,69.54701424433466
0.1828213004300655,0.3916170558367664,0.03665424705924426,0.008866914533524756,0.08088553247903954,75.8093120309001
0.1964015617210123,0.4852683798163512,0.07346627583957638,0.0016541911425434304,0.21921787844807836,97.74836668438783
0.12030780329202007,0.3046217828788891,0.04808514587888376,0.019446559383746082,0.15959272982201733,59.55807343763119
0.19836281347128681,0.2293207343101049,0.0705763912688718,0.03218994876107702,0.13788912374779164,54.38991965678102
0.32716884732744267,0.4255149987672243,0.09026887107949545,0.05447105399557217,0.0896708062602902,39.65687911660916
0.14352475829490197,0.2784435438096575,0.06669701802606949,0.014720706976356322,0.24467082570017284,77.92898781381422
0.2611992612048757,0.2866403957020348,0.0786879892066813,0.04153724276630377,0.058697320627336395,47.21272816210571
0.1374397183704532,0.3149811494150331,0.06598380176591945,0.029630319895299524,0.12035133317144048,55.09455487209658
0.11113075525349603,0.26044283589399975,0.03840245776827535,-0.006702664957364221,0.10663352849789463,117.45373954398657
0.24563642227911908,0.27069195026809667,0.10451955173707128,0.10291870792899589,-0.013462333121218625,1.5316213870706807
0.1100066694912416,0.15276818446778195,0.04676389150080904,0.020572457805149092,0.10467022858624112,56.00781469439262
0.10154946411069865,0.5202466818695847,0.008972597304633425,0.002788198465151482,0.1430630683013302,68.92540286287378
0.09192578356042802,0.15982727360587912,-0.001461387506303652,-0.0036939963442003555,0.02642680519008282,-152.7732260106516
0.12520443592623764,0.21811540341779667,0.03623610180516489,0.019262112470725415,0.14952303351775015,46.84275760595225
0.19889535787718615,0.26066091201843067,0.08205119527659782,0.12485725195698542,-0.031146400052972076,-52.16993675239793
0.35318614427396733,0.46107380824736677,0.1681967704328521,0.15572798169127275,0.08083660087118627,7.413215312928484
0.2746770310894803,0.350098228269594,0.07580701252100117,0.024051236644449484,0.17586854973484817,68.27307152120464
0.29120730768508085,0.3520521023013635,0.140571264675929,0.2692994393106879,-0.2379730947974646,-91.57502774946714
0.13189143264624392,0.3925549831730957,0.020969127098148313,-0.0025386424882047733,0.16353109756005008,112.10657208725179
0.14160567371797572,0.29268757430324466,0.013894251661408681,0.0032931524806566895,0.043549970581547096,76.29845377132884
0.33653058420733917,0.5327159245448654,0.12495510169625496,0.05124963175935626,0.17764319954124397,58.98556276322709
0.16574270543495762,0.38787754640173,0.08049381892824595,0.01699439396600579,0.3408786184617323,78.88733049036351
0.18799702372832328,0.23211086729674624,0.07456553611710659,0.04956364682110721,0.08568319139323886,33.530087219829596
0.2925552991289184,0.3029676854331642,0.009971270639543202,0.00551301427524048,0.05267446912221085,44.711015531185716
0.37212453517916166,0.4512662325489387,0.1827092023470227,0.1846939121123239,-0.05407926659751648,-1.0862669968486818
0.10727703059821603,0.1741199914978967,0.04929144991171665,0.0179904890309352,0.09628851385357164,63.50180596603057
0.24839170715769143,0.41141144881930847,0.0011770806529835878,-0.03326981884011236,0.03251920733548758,2926.468921715957
0.20142858116868267,0.2701801062459719,0.11103392982444202,0.04629995899929744,0.07959995769439458,58.30107150804872
0.06634650222733973,0.10237571563300008,0.03562715100340373,0.011324062140380106,0.10715573901337247,68.21507804736272
0.07269236451212213,0.3640812820715683,0.04481172576912969,0.023616621794022453,0.04249673460363817,47.29812032748873
0.1853052110088772,0.2691040696594733,0.06322809554319986,0.00844663647940829,0.18958837101142267,86.6410075982168
0.053228291307994335,0.3562883118274547,0.051292414160439045,-0.0325983253386016,0.15673592846452256,163.55389168588624
0.14053612658730974,0.2132233237293254,0.04139947177284202,0.008091110293293917,0.08215600742930587,80.45600596623635
0.27518519375505823,0.32013472427406986,0.1452486093800566,0.0942484532604575,0.04519295531942051,35.11231972359364
0.39176002206460303,0.4720605154664371,0.11689099221582068,0.05365608752880929,0.18831393095896937,54.09732904846779
0.21673740968446953,0.3187163917933832,0.046361257344608185,0.01848085907087554,0.06625789278275793,60.13727812965611
0.05966097186122399,0.2995864560182714,0.008103402357139685,0.0021049640979765505,0.05846736252248051,74.02370010515492
-0.03150459286081686,0.32335005165735453,0.03989256959018293,-0.029098974108121844,0.2830848770747152,172.9433436027213
0.17532971016827337,0.23957418090821736,0.055688142170652495,0.023168250575123037,0.07901400354797936,58.3964383223173
0.08203952175530016,0.21912889945326874,0.07377493725742415,0.014510760153623787,0.21521945065692968,80.33104372154037
0.11799020386994874,0.21557886102523627,0.045550607259992264,0.02340972618273456,0.17745468371815135,48.60721384213982
0.037287280325532524,0.25238284499401864,0.03124037687563367,-0.0010930961965302,0.12822499719137798,103.49898530636095
0.05983972600985721,0.2657304311836082,0.0358297601597558,-0.018097163753024885,0.10715584115215507,150.5087493534264
0.24708056552999846,0.2837612595841401,0.12709506551153885,0.10682004419296387,0.021127049879374082,15.952642407453832
0.03733358316787805,0.16539887782881524,0.043630781308230185,-0.00597041640298958,0.14469815917640866,113.6839548226549
0.1102720340423643,0.2832532302758606,0.06827376245037366,0.027183581627542204,0.3179884899155145,60.18443886507468
0.11208020256185669,0.35266464586518476,0.10904119947165605,-0.0008233563796951251,0.15120258341640905,100.75508741987854
0.25236086507047917,0.2757667957394584,0.11018641920159855,0.07397779602390778,0.09729106934038068,32.86123956115045
0.10653335980921086,0.26776452338009726,0.015649731225695008,-0.016184823512335633,0.1336856833387277,203.41917876367143
0.21983618091649404,0.2776239298743951,0.05557230758030723,0.026575595618228615,0.19572145739360242,52.178347858194705
0.1987501656371432,0.22251947013164775,0.06594488872523319,0.020780156364836704,0.09043611288402867,68.48860197274793
0.09694051659903269,0.1643754068881348,0.016791519574048452,0.00770099240698035,0.03514717117088024,54.13760873147926
0.2618844045819897,0.33380481864169786,0.08625579685368706,0.037609487102987844,0.1237801086768448,56.39772806599467
0.062480542922034754,0.5097869415766166,0.03493299437221627,-0.004284735688196148,0.1678609250138255,112.26558377029366
0.016528565874616152,0.25299639276494224,0.01770423502233096,-0.015165178098872543,0.19796335032441703,185.65847708045104
0.06560552356153226,0.15162018305020608,0.05783338845849063,0.0035974651999279286,0.16211896408039833,93.7796050070454
0.1263479380335344,0.25583129791347536,0.10058688334889064,0.03622759363253296,0.14674202959585386,63.98377956808172
0.05906631366290038,0.43135771696120706,0.020317862965322765,0.004241238978113989,0.08989407532269388,79.12556559047246
0.05101525158733111,0.3844326303681137,0.04158970928696396,-0.004137077167235289,0.17888321781366848,109.94735774345033
0.11630047755775175,0.29710963634860443,0.09865075696043507,-0.043759412666422706,0.2044373385257547,144.35790866153502
0.17685153541575993,0.31231752668670354,0.07056770513830839,0.028883939502346082,0.13125142740336282,59.069181227113276
0.09027861493181277,0.13263003792893646,0.03684607229376867,0.009182623872840683,0.09385051777369947,75.07841867206663
0.2698692086504386,0.32315277979188717,0.0900857352763488,0.03771799077408541,0.12129136102563695,58.13100635924107
0.31717211760920483,0.46366037620697953,0.045738605370323884,0.017718664590821435,0.0584659751395577,61.26103004811411
0.18944990937270167,0.454330723274333,0.08673211533417371,-0.04368070438890042,0.2418487345048586,150.36277994673745
0.37112705025030246,0.49008951082353946,0.04298011490800794,0.02132929200835954,0.10809713128974965,50.374046104782465
0.15522960103316719,0.5090547186117835,0.022653314620726457,0.015002853516487087,0.10061853139931204,33.77192800403542
0.19466036622617822,0.25519091214631506,0.06739337692355442,0.002541906544763788,0.1125959192167186,96.22825467308587
-0.022815401305113392,0.037135764127520066,0.006782244030125068,-0.022340349643921443,0.06732904618342755,429.39465971278946
0.16749758117795055,0.27149700496520535,0.0486883506426101,0.017814433136415612,0.0647076655549424,63.41130290656194
0.19286743918856408,0.20895348613959597,0.08012337270039302,0.04976834827921443,0.11756170786723089,37.88535529412342
0.26561528111545174,0.3119506652407431,0.09517009798730626,0.05984515458467559,0.09743542268359968,37.11769153305095
0.30789689972127354,0.345217109308819,0.08180187977070678,0.029490796392505486,0.07758154894553096,63.94851013794658
0.03844225721258532,0.29452364668592923,0.020142069937166895,-0.0013597747619979767,0.1663421846600608,106.75091868035305
0.18490117911163095,0.27717157002292936,0.04480964306137558,0.019175356896482906,0.057903661086406426,57.20707511501821
0.020460670223896638,0.3387350892572333,0.02108532569820738,-0.010588740808048515,0.18970399785092715,150.2185309328598
0.1501006864977169,0.24867303685238884,0.0729248643924473,0.02126266849992747,0.05135262483300433,70.84304691263902
0.23481109585985416,0.41602369233985026,0.09411142403293324,0.013914684625332307,0.1654696699825262,85.21466998473744
0.00497353806835521,0.23105505662654136,0.039762456152920095,-0.023009716863563512,0.12601859029907425,157.86794652491233
0.18076107763077331,0.1696566939256995,0.07313945406361176,0.042596684285736514,0.10183556389222762,41.75963598430911
0.21462593632612403,0.26890040582333974,0.12880736048120225,0.08779525822406678,0.051736174849503005,31.839874758648325
0.10749712883579376,0.1857513109009038,0.027775072106427916,-0.0012337482010184586,0.08439847526918659,104.44192618579353
0.1618049933609319,0.23258541379936026,0.05168636741265206,0.01963883722752117,0.10625581156338529,62.0038354200263
0.24504586089991875,0.26805418755154864,0.07450274814870296,0.07864337757943489,0.0803240980325339,-5.557686841923582
0.0988232669410889,0.39008960008810534,0.02741011172746162,0.012387490058010975,0.1641322582886648,54.80686039816391
0.2848946247578735,0.3555042007049761,0.11245051269331381,0.11445194562826315,-0.01336277703227138,-1.7798344240615815
0.08636729482682137,0.4344690144117336,0.019876174837084967,0.004005154928859342,0.07870218468575263,79.84946821162731
0.1977124120893996,0.24551703179244688,0.05198825810614534,0.035152885782828804,0.087374215955415,32.38302827716109
0.22215462138522213,0.2693608994034784,0.12374813823478228,0.12647527798886854,-0.016011045961673187,-2.203782451184974
0.14160029958910147,0.23801425096765516,0.005030253052062226,-0.021933534087088986,0.08408468412590783,536.0324194445251
0.35985691774174844,0.3701468173509527,0.12927345340968635,0.12933809350777511,0.05994509192317583,-0.050002607947596305
0.04483724245201448,0.29457568094097253,0.04242176979813921,0.00651778353706082,0.09204682964919583,84.635757612011
0.45873331462423284,0.5247492123111933,0.16475607540948528,0.2014120122303198,-0.05368806486020651,-22.24861009205866
0.20504942318735553,0.255903075845192,0.09861920652106002,0.08149433488948672,0.18275357475652765,17.36464146861321
0.09669172841430052,0.11158223459389605,0.04594407984122934,0.022362509362141444,0.07724948061351634,51.326679216516254
0.0685856425787914,0.17744089219031567,0.07080831017306541,0.0035733552486794536,0.1778361093145184,94.95348040371861
0.13066804325372094,0.3327426775684389,0.06891371428197136,0.033001399207005,0.1676180812473278,52.11200041841519
0.0584053718960581,0.09281862750695902,0.03415987445734686,0.025506020285102474,0.04447514285316766,25.333389860814254
0.052514684741154616,0.3202281140706901,0.017391118608063146,-0.0026429918018765625,0.17033882340487272,115.19736516920295
0.14148906391473393,0.18426950637142536,0.06893134840447158,0.0373598208464611,0.03728150748675621,45.80140718089078
0.2296903897867275,0.3017347494345498,0.07871793009145042,0.025740644391724875,0.19258888779018776,67.30015085277175
0.4625320436556104,0.5648155259724223,0.13663294653104247,0.2149938574856657,-0.13333741961873566,-57.35140238435827
0.1446617867487867,0.18206242931293337,0.06239848754979624,0.06325743545907925,0.040927535827220786,-1.376552450245749
0.15478047980978082,0.2177151178522202,0.07985611305700911,0.053339529674434394,0.07109288640603861,33.20545211566281
0.2881596450866484,0.3001693624432814,0.08603522299401517,0.08674189342912282,0.03809561139156816,-0.8213733986100189
0.080014782242398,0.18596213009348994,0.11420465413918532,0.022441523100234204,0.136557655902722,80.34972981671665
0.22707660460152734,0.2576224756823178,0.07244426735632106,0.04270266043356703,0.10458171506591721,41.05446574049582
0.037089697980351,0.3166686154621744,0.032381627474973945,-0.04004680728460805,0.2220086537368676,223.67138531118647
0.1380911406159765,0.2634306328670397,0.09956931268194097,0.025119043297516526,0.2162444651912849,74.77230421610372
0.39813639033349457,0.4914064221216313,0.11003917235775446,0.09229079666683349,0.10108742567750405,16.12914320476552
0.4436291933338895,0.5578694943110588,0.12376374209700725,0.040979059050380615,0.21443202532518602,66.88928570189739
0.06129055991495369,0.10002078705368311,0.08877907239980565,0.03159446603157757,0.08983531490500424,64.41225935624134
0.19571242865977834,0.20147211835547918,0.08010973658467455,0.09234370690791745,0.051986109492549386,-15.271514855515491
0.10103571657548627,0.16377260708142527,0.04073069168581969,0.00998709215785388,0.10501963280967948,75.48018031490767
0.3021067009621068,0.5464593125372836,0.03135785905046588,0.014023354124144065,0.13472839519305194,55.27961873425246
0.08767915953211114,0.16234989347658035,0.0041423496120318514,-0.0038267764537317436,0.047746931928097786,192.3817835804227
0.20123555441823904,0.31795573988805415,0.06836434477278427,0.02998706838521492,0.14833633372509228,56.13639173332249
0.17968475121824434,0.41648433662569395,0.048804162349612136,0.018428282672936187,0.2643036192523465,62.24034634397809
0.08777982341036694,0.32491710077754676,0.016811950735502096,0.014625991734155703,0.10020599532171585,13.002411413984602
0.1601927852684112,0.2402931235718606,0.06250242012697638,0.026260934927520563,0.13849052358384664,57.98413105577299
0.1124694026771691,0.2416945944890928,0.05538310808014446,0.010065546327587334,0.1524991595844065,81.82560228829779
0.05130729422990077,0.40118263677070154,0.016990805721337467,-0.034671752673280494,0.22706177205429273,304.06185110891397
0.3012139157119659,0.3762846818610075,0.11180902858057803,0.052947038242401344,0.04658865074164842,52.64511380291288
0.21456681895532648,0.4320173958581367,0.04498963403572051,0.028388048310448194,0.10508179528173478,36.90091302385595
0.15555862513115737,0.22101289246488265,0.09373267842385466,0.04801558126398957,0.12983949300039507,48.7739152754545
0.045112093785892315,0.1733386640840533,0.05299533182133539,0.009724789466509832,0.11635698898832646,81.64972435818444
0.29888334125894644,0.43010569258484177,0.14512749612376333,0.2383451403216606,-0.11732817190536968,-64.23155272960966
0.2402021706296278,0.3397035401112457,0.08444763610321751,0.040060274966520384,0.1394165849866128,52.56199366249157
0.0886014438288728,0.15564253076331747,0.07006471911882214,0.028384723094015858,0.14221377259282394,59.487851445064024
0.23929481491182625,0.2317484714732665,0.09356486756531116,0.13442842490712953,0.00013661775379653074,-43.67403963169654
0.04157716988259663,0.23473774186904106,0.09178189448432894,0.05164362239097586,0.057497317691562334,43.73223315869382
0.051615782818145495,0.2461888804744502,0.029686320986027987,-0.02824363946039887,0.12667230085972764,195.14024817589177
0.12010402466248016,0.19498025460645574,0.06348889717094623,0.033211558729159596,0.12621715550700777,47.68918628443611
0.13689355845257856,0.3156600519023812,0.06934282422511946,0.024410261950381547,0.175485207580218,64.7977101839199
0.17860102198791694,0.26632864895738384,0.03754309377155761,0.016738039512932144,0.054669371254148925,55.416461907002535
0.11596612906047654,0.4074630992698569,0.016519840445641556,-0.004641336900800951,0.07713714968731619,128.09553104385748
0.36504554235823183,0.4397637414166009,0.12088250673835879,0.09995681002537608,0.10581329357431721,17.310773310049587
0.2990821931537657,0.3797446657348442,0.13123277517539686,0.15951092158949592,-0.13499938369209766,-21.54808231122477
0.26990973732437984,0.48171414212366126,0.017361140793242684,0.00887350058885599,0.15905222908394698,48.88872399266677
0.17232331329082162,0.35334224098117273,0.03465983707700352,0.01573217442756998,0.14485106362264233,54.60978540488255
0.048432137271742226,0.2906994808370712,0.0539271082291669,0.000753976626993242,0.1984897957578591,98.6018597107244
0.17055543122452432,0.26022044779221,0.03528016199656062,0.01427404820659608,0.10504056848393978,59.54086546431498
0.10398444277373542,0.3027995428108988,0.07539133453301798,0.00369303099446148,0.3424290998220966,95.10151794322714
0.03626007518500718,0.3560774377023471,0.03854634495554019,0.0018784990571652001,0.1542111319171012,95.126648040607
0.07442637586673628,0.23416701234469384,0.030794660587985082,0.0021266866532060925,0.2734861849108002,93.0939759925919
0.12579571425767233,0.20576876703845526,0.04589351049071725,0.007957487846569813,0.14692243056802914,82.66097371614369
0.11872140211420346,0.21869014587060642,0.020750543963749302,0.011983603352476663,0.1155723748756385,42.24920863081118
0.16755586641949638,0.3031449590219206,0.014680044591057808,0.0064259298892033415,0.07410540660767397,56.22676859498351
0.311426143711067,0.4109499529378229,0.08705575923696404,0.059345757529013755,0.10321390923167031,31.83017637296599
0.18367827297462747,0.26881381300330354,0.005657327579124671,0.0023391492242687394,0.02046030050150038,58.65275270783129
0.01605421383515515,0.33861877375647453,0.012535337323047624,-0.013720796666279251,0.1985476223502134,209.45694011003616
0.09222970510357476,0.21198988597747714,0.019125706506042672,0.010740473048154082,0.119939980560164,43.842738333558124
0.004991372936715033,0.11020438748349681,0.0421705401122641,-0.001741188130633264,0.13844371328122346,104.1289206303689
0.10207651493202541,0.2344733449813684,0.05524400887629728,0.009010497367518536,0.13206078551172265,83.68963883903702
0.06795299826715129,0.3632195612304002,0.03922214350418067,-0.0014194689922623557,0.19250721132441986,103.61905001982122
0.1541380156761899,0.19058003194156614,0.07787333837193187,0.04754824863316432,0.028450578470822205,38.94155608679763
0.27760410124175394,0.3219842279978792,0.07682933163663566,0.029878482506699885,0.15581841468769808,61.11057864200853
0.2983670150236921,0.35994880918665717,0.07165476319772807,0.03693444570068534,0.04981517638188754,48.45500277662433
0.05493354140305129,0.10657923285173543,0.03778872145557363,0.02117577328573604,0.07435508523533899,43.9627156726343
0.37880660550551837,0.6506378518218483,0.02773198016341808,0.02229814791328426,0.16891513785854623,19.59410117169245
0.09374434823541777,0.21039637033783554,0.06534113107937585,0.012160378289052682,0.220685550235241,81.38939732420555
0.019842623829448458,0.35661406522469574,0.010930048872062144,-0.0010225331681905348,0.17501917645427306,109.35524790565385
0.16940463377662018,0.5274174249962047,0.02936203439155972,0.013389486990987505,0.10429527804094693,54.39864005187466
0.17063145959195058,0.37092186070194944,0.05760508282618757,0.031414652071924946,0.34566939524528956,45.46548580320124
0.10113964257001051,0.28573581996140995,0.02587952939419745,0.01433669902376411,0.004019473449652172,44.60216487947962
0.1167848139222657,0.30038958829854934,0.03340485424621806,0.005092138353862137,0.10675333099305002,84.75629225522322
0.1901669493021727,0.30144900314739753,0.10454225943065219,0.011200977430507873,0.18896534428357678,89.28569413794045
0.35027446914775673,0.4440826880796098,0.061643208995948676,0.06093659418358491,0.022690735946882118,1.146297903488782
0.08151297740596308,0.15077238184892017,0.06105117857306264,-0.012819144617925212,0.13259000909207969,120.99737452665877
0.4644646772573695,0.5237647725279111,0.11432151566780571,0.07516730744152872,0.05515787770936237,34.249203220897535
0.15070610014210295,0.27148889264419507,0.0690589152491937,0.024851302196569586,0.23100283571438698,64.01434614648144
0.19822617692045152,0.33793667029636676,0.08724664754577968,0.0077857211495444,0.30543563079027874,91.07619448018434
0.18582020087686557,0.25382541035247363,0.03378139338966119,0.007327175057194546,0.10475970014823663,78.31002714222845
0.11290007692082527,0.14459763314955265,0.04648519732322518,0.03546838660196979,0.12055230357625565,23.699610533332326
0.09596955829991272,0.30337732841908427,0.0797636739789858,0.022170607188374346,0.24976211967498183,72.20463140374487
0.13428485431995063,0.2718012875035388,0.05940050039710257,0.018926567181698932,0.103094644293042,68.13736070374564
0.2369238909384983,0.3465645861389587,0.06993854693112588,0.026919875451647528,0.14791084178643782,61.50924399650782
0.10892316507931266,0.5196442789014815,0.07349757353285656,-0.03793878443492834,0.21079788339959532,151.61909789847425
0.03539197354117818,0.16797906909049243,0.056261633007473576,-0.010154416042471765,0.15047051148853002,118.04856258104506
0.18008139778477306,0.24280590722553108,0.10453451219443977,0.0278236129316971,0.10957909455546183,73.38332350951836
0.408960109481572,0.4463241857564486,0.10993879494839519,0.047428394656449296,0.11940971244104602,56.85927367249024
0.16083658086576935,0.20254421168143755,0.06142743358031261,0.030075360713165526,0.1918720334739946,51.03920356066345
0.2195956329145099,0.27739359414326004,0.04658066345831455,0.03874561263484136,0.059085561179239236,16.82039336018656
0.03668684071044914,0.1667443099586342,0.003741085994208062,0.005464105447293569,-0.007672298648599446,-46.05666525049358
0.1180773451231194,0.5944892799014702,0.03752882287508901,0.013694890981598458,0.1496093418672305,63.50833857171446
0.05598174551651469,0.18137232233161638,0.07509633426672832,-0.021162936715976226,0.19264931331150476,128.18105160873682
0.07008645008691627,0.09893681975160185,0.07986205167045772,0.03480034542649201,0.07679878461303322,56.424428500670196
0.35615934905047975,0.49122770161344487,0.10526020756704361,0.19902653701560621,-0.04258578008631236,-89.08050973473505
0.16494986362264052,0.2690188098905817,0.04381505497192438,0.012949893060542976,0.13720812018617362,70.44419305455408
0.19502702914344594,0.2768913535631685,0.054294064282174634,0.032306724501512625,0.1693599515104517,40.496765293514244
0.15786190563972713,0.21402512575341526,0.07169872429569774,0.026967815439183564,0.14526738096977532,62.38731483148332
0.3806098384742297,0.3893966276266727,0.10344250402523011,0.04374670839574112,0.16916356966327395,57.7091556241996
0.17484388649969307,0.23381596139029126,0.07948817977043925,0.0531791951748936,0.08899761399621264,33.097983463108136
0.09866736790523623,0.39450408408304494,0.026414590395397064,0.01083434000995364,0.09275660374716194,58.98350173985055
0.40832041142435904,0.4723482254441499,0.12962231334573504,0.1824369121691073,-0.034583432335425775,-40.74499016423395
0.19339187044667294,0.20808087523482643,-0.003074340546492414,-0.009536690145778568,0.051356312756566595,-210.20278988478353
0.3394905042445978,0.33412409184404857,0.12473816257057968,0.09033827019567667,0.078004821750825,27.57768085243261
0.30419797833650564,0.43405281285479813,0.05633968432292376,0.034096647500197017,0.0914233757423633,39.48022977061018
0.15964076377156378,0.215622984689799,0.0524247008126126,0.008200746849127943,0.1359199214033734,84.35709365621221
-0.025066552283617316,0.15986735604776459,0.02334744623982376,-0.02215124923993757,0.22745406539705884,194.87654029653217
0.06681669753611108,0.21261412544923808,0.05010657244477259,0.01070468082605168,0.15731277800067453,78.63617425069262
0.08129707096500949,0.2654983936368298,0.014943759365528962,-0.0014803366741768468,0.07385208518002101,109.90605267367704
0.46218973639766747,0.5812323617204325,0.12836984122345207,0.13553841636185382,-0.03622920076444489,-5.584314095959252
0.12815820497179242,0.4347301480102904,0.0751918940155276,-0.06287005275078755,0.21608785121243057,183.61280637219286
0.09681498295201296,0.240254756345316,0.11246512251458647,0.0029742695173419972,0.17712021389078494,97.35538498439263
0.044135025275544804,0.18896460539849014,0.0023415905297217068,-0.0007710604886359742,0.007396595171240181,132.9289206993681
0.09386958712073701,0.3176068491024392,-0.022354398319938497,-0.019343840248741938,0.12058461959717408,13.46740819461627
0.15434405434508613,0.2264804130185688,0.030397865141918435,0.015477235634305385,0.0914812906853873,49.084465102904915
0.15703215964947825,0.22874008680944058,0.07929335585900017,0.029527542275672104,0.15249537778114575,62.761643827790415
0.0470428643582973,0.14871156372115157,0.09913450931078359,0.008772490775127886,0.10983092803851698,91.15092127240332
0.02676288859684428,0.20976317087273466,0.019952032115343608,0.005276050143394612,0.1278157049607237,73.55632693004138
0.1025123306702852,0.5496594912873822,0.0306488893664445,0.017204633740573204,0.1339348758699218,43.86539252737343
0.0026112444736996476,0.15389431887914695,0.011952564218746284,-0.006120277238045398,0.11662650398205984,151.20472164831722
0.2638798031303282,0.38031749240932267,0.09891687345435675,0.07206460582418131,-0.033253194105247186,27.146296372343283
0.04721514587633102,0.2549239262940938,0.023551627492900466,0.008836396344166124,0.10915251220880887,62.48074003875181
0.3886743917282861,0.5185283007382684,0.08241131287338882,0.028069337642022067,0.12513270867290477,65.9399460300482
0.3235907981534961,0.4542934817283091,0.13648504791771748,0.08671458861469351,0.09114321867070135,36.46586938448306
0.3173907916280555,0.41339684121132225,0.09876357278816925,0.11200976310891121,-0.01560034201070054,-13.412020188002666
0.0318483190988077,0.4191442658222475,0.03566997197274831,-0.0273936329792138,0.2276290342100514,176.7974614618212
0.09398486190843869,0.15977284743650155,0.06078849213357347,0.01517431064344616,0.10908278653290732,75.03752748118357
0.09820389382472894,0.5851626322937242,0.024291611274932262,0.009452495925472485,0.1438881003830119,61.08740660103107
0.10026516906129535,0.26870883000809864,0.03823604987514222,0.011668690324998452,0.21441825173434004,69.48249005035316
0.18582837807898678,0.18796845801159612,0.06002140772076684,0.035773630949858734,0.0847799758272014,40.398547271190715
0.45721412609119017,0.6023742026092096,0.11042161188322194,0.3417128881897944,-0.3077256976045847,-209.4619634344571
0.22571280290642926,0.25030331797556804,0.0573834881573657,0.038218559617027754,0.1313177377557857,33.39798460452765
0.17713858739130728,0.3280365852088699,0.08201590885071305,8.908339843852024e-06,0.18085221096610793,99.98913827820884
0.13377944790258145,0.37129973383993853,0.010778077139511285,0.01122422346879303,0.007744401142673878,-4.139387049348725
0.22958474931732087,0.2852153275506183,0.05591003793882253,0.045480673768169964,0.013477054273599784,18.65383132464426
0.025735465882077202,0.08413576199368222,0.051468842484156604,0.012724691751148714,0.13736855634489814,75.27690319620905
0.25869728469950126,0.28803030630026405,0.09466695350643484,0.06937119472368565,0.08290561564483248,26.720790989677035
-0.003465273805563829,0.2029152863095547,-0.004746851780832026,-0.009045906783326532,-0.009084795338893309,-90.56644700502888
0.24839401950499485,0.3625282034335765,0.08729391578203619,0.04049889473617635,0.17500122003729082,53.60628014752153
0.11794867024703415,0.4497658980957133,0.02600186826376405,0.012626015533738457,0.09126042471246101,51.44189099929427
0.16125990076221441,0.2727491623017362,0.07428252569975625,0.052482766465507445,0.19729818836811347,29.347089411528103
0.26667786019010076,0.35780452905161797,0.13627822840648965,0.09780135342754087,0.11103745646336607,28.234058681904973
0.24688601530364018,0.347650987073827,0.11375015394183802,0.043532617879415134,0.15825923990979696,61.72961849205589
0.06604238828582598,0.36039404587378965,0.017718033135213848,0.008335263400841678,0.045567135654024156,52.95604575727037
0.27458989323049554,0.31149239058294864,0.07913792494791756,0.04252072922051987,0.08481284335486004,46.270098377606296
0.10520345764387329,0.16110891655321158,0.0440019414968796,0.017965944504244442,0.061453046760389575,59.17010956091904
0.21763514867752642,0.32559166272611584,0.06490390766220436,-0.0045474764952994524,0.1467937659099391,107.00647566394157
0.07626075754822481,0.2242421848715399,0.00426589038997591,0.006848502017403333,0.02631766486082863,-60.54097483367378
0.12360653194578453,0.36815530603067004,0.03172057072965315,0.01268476904435406,0.043941655707089466,60.010905375999315
0.12471541961203214,0.13610494730975953,0.03263931619954041,0.013817063100314823,0.09579561212020855,57.66742472224531
0.14327231675336072,0.2683648204915666,0.06975811477803556,0.046781914131832456,0.048914832874665255,32.93695754151533
0.12796437849575815,0.162809922170697,0.08039875479517537,0.056789645113788007,0.10745874094815108,29.365019074653777
0.10456256469258096,0.2827534730743574,0.06881775003450219,0.010255628822749795,0.092064271935249,85.09740754731435
0.12316109128296115,0.1513595362970418,0.028728578790271492,0.011301781550075576,0.13077955546091943,60.66014391946616
0.042837127056391644,0.3546284113600099,0.04952750756042473,-0.020538762794457224,0.2501928993506097,141.46940519750453
0.3015240184730288,0.3532438831420467,0.06387346890118398,0.072621813728855,0.043105695852575995,-13.696367174303974
0.13636976791760025,0.16215475722958794,0.054574189576261006,0.03501352648009797,0.12625806688758284,35.84233361602065
0.01942776731949003,0.09695190815896648,0.040701922369530276,0.0031074906813462018,0.17786313567246703,92.36524837049838
0.07446810981140073,0.3835915972363729,0.03593201706811028,0.0034122616210428363,0.14007255494911092,90.50356228381283
0.08237563784151225,0.2653606814516991,0.014572023178802296,-0.005419869393049581,0.11542076203278391,137.19366437004973
0.29750041466550947,0.3214265058939706,0.16949987548632078,0.14369150835734235,0.07664289525259352,15.226186482397305
0.15789270393865695,0.2308760721456733,0.07203035498223359,0.046186285401183295,0.10199119315678114,35.87941443218596
0.09919489643566204,0.1715875678252946,0.04504501923912749,0.010442459402688271,0.0830627220055389,76.81772684510781
0.04211595297462423,0.37971551910585577,0.025320356873608105,0.02741189326493115,0.06652892650221982,-8.260295862982458
0.16038148977281752,0.3252590268818154,0.06752996205079954,0.03403769047900986,0.1377750005168191,49.596165249722866
0.18319032303870686,0.3533872797053983,0.02230987339467511,0.0054317675232818845,0.08088307123094032,75.65307777775946
0.05292339707182114,0.11360028833265001,0.05541898240060174,0.0023085155981230907,0.09261087569838974,95.83443163673459
0.4022681137807135,0.48273973139382087,0.130129434735615,0.07077485967702929,0.04431031072275782,45.61195180719633
0.25601219634383166,0.37263608016384353,0.11325654600242978,0.03246509448761159,0.08293971745148235,71.33490678153377
0.14878307073179486,0.21222392994509875,0.0065345416217970406,-0.004646573406474277,0.023776041548236693,171.10787068789745
0.028001695726116438,0.13836027417726215,-0.00012959504338307462,-0.014410277804926392,0.09913708161619811,-11019.466785724619
0.21385575523603084,0.2608778692505972,0.12189095257456284,0.08447570540494183,0.07974910198702137,30.69567213918806
0.03121807818335509,0.24555696572058594,-0.0006342290291506333,-0.0255237005906982,0.08552772256884991,-3924.366501306291
0.18830861188562031,0.21495486537037756,0.06853058216643401,0.024529777087309017,0.08466038272829411,64.2060868128396
0.16891708801510685,0.25190444413053326,0.09265533128141272,0.07426192559856322,0.15044524551226204,19.851427250295032
0.17069285197124018,0.3878349709493536,0.028558300617893773,0.010763029190527493,0.08531142005848932,62.31208104944555
0.11021093401151705,0.17226126597406166,0.10986660735583881,0.03635512458250229,0.14368498221148865,66.90975951887332
0.11813789433613442,0.14595460409618755,0.06709560300107253,0.03610884847010344,0.0976840994086626,46.18298837030165
0.1014141273514565,0.4354095183208839,0.060826794562870025,-0.010925821888480014,0.15548829792675484,117.96218585410938
0.266365696620117,0.3308145066149448,0.07262566569364322,0.04604343846861633,0.053744045816658696,36.60169854712061
0.06324755152249095,0.20484514669175402,0.021553326130668758,-0.01726492923870891,0.08302272548128727,180.10331739073075
0.20772928736379936,0.2512434768840637,0.06784912464336708,0.03518532218990886,0.12231775937205591,48.141818520353496
0.1233858570050066,0.22860438586965115,0.0468946369154119,0.012632466383980058,0.09995729875703305,73.06202326128172
0.15676977969987083,0.24173445900340906,0.09401670629609045,0.04097375796313171,0.09408365886493278,56.418641348600886
0.04031389530433027,0.2595596029981011,0.025604243361386718,0.01848870945551502,0.06496755385385221,27.79044787787989
0.08738728903403126,0.1900580129735443,0.06920739310508087,0.016435567650322135,0.16168226143932657,76.25171688613204
0.23797464685186076,0.32268176198978415,0.08344391933581584,0.04293404361084145,0.19408236153107883,48.547426879536225
0.00042151707513826686,0.262343946754368,0.038477390700838464,-0.006508405710547866,0.20046141927985597,116.91488323922661
0.07574154288233181,0.19611241464804474,0.05586650969874266,0.010378031831368666,0.0809438177852567,81.42351851344986
0.03393879650763021,0.1985080370121557,0.028914168252337207,-0.01428809489711207,0.13513369161304917,149.41554871099268
0.261527889045705,0.34011003479451585,0.08974562270890518,0.06286996111118835,0.10503506520274183,29.946487401273604
0.14372682117404934,0.29962945766630467,0.11570963549976962,0.027209642991169344,0.12438215371710501,76.48454869497577
0.4108191829331903,0.4754733218084034,0.09636442859141359,0.07891529832414426,0.059083624862028006,18.107439147752185
0.03194233524270118,0.11932824495449845,0.05687183905310414,-0.007887316011826094,0.14895819751447775,113.86857914768909
0.17872510402209252,0.4039126664987248,0.02276144399179748,0.016521181956147355,0.04054211709725759,27.415932125830516
0.18647599010314964,0.2883942230334058,0.06108801891433696,0.003101171437746651,0.08443543767648053,94.92343753675269
-0.013702004798328726,0.14963453389730652,0.039385826061300915,-0.011832967747948803,0.17062287638883844,130.04372113341415
0.13834680991451676,0.43030640174577617,0.026999861292147247,-0.04387150308449497,0.055543348955134283,262.487883214625
0.15768942038648248,0.27351989737145754,0.06891193363749158,-0.018592588844872693,0.20760784409528021,126.98021643490407
0.1417153006222025,0.3433090182388392,0.004906495679269426,0.0032938963838990646,0.09131302402832636,32.86662010493151
0.20769994373386214,0.2135256432434024,0.08644788776556563,0.06826586796076774,0.0588940921751572,21.03234708765232
0.18191128613590335,0.24486425223530472,0.07816166515807783,0.026458384790330136,0.1970653080370165,66.14915414504098
0.38861171328368915,0.48965856435668287,0.10381218293002113,0.0801434876631599,0.02565953297933673,22.79953527498414
0.03307796981435829,0.23046359645228054,0.02230151410611106,-0.0063726855545744275,0.12236632302144859,128.57512509802277
0.2657755173343661,0.2837178009810951,0.09156812941722854,0.10691547882181902,0.02865779921892904,-16.760579802455677
0.10497902385164648,0.2433340639608026,0.06573528892931352,0.02601421643277181,0.16420690005032412,60.42579738145607
0.11142729523852879,0.10753988308924267,0.03430935298448855,0.016911237970804304,0.09809561593189575,50.709539820089375
0.16376106173246396,0.2743640628211568,0.04224796047644992,0.028092903773244464,0.03882439722408827,33.50471015304004
0.0030549958831768143,0.11174107324590399,0.038224049777478245,-0.00016574976359799622,0.15849336174686557,100.43362690390711
0.10830403374699826,0.09302758547894341,0.0770788999712202,0.05918617796053533,0.09336695977458112,23.213515005229272
0.2669295145334105,0.26295701210370714,0.15653171825387355,0.11092206142308933,0.0753031360125173,29.13764528976258
0.06065613170752315,0.09294289685239021,0.07042423733083782,2.7536345345791774e-05,0.12683257429641107,99.96089933467589
0.10449447471566575,0.2566585979308188,0.035787446147298126,-0.08192735659883407,0.15699138633966536,328.9276420050426
0.4752327992325125,0.5194490457259271,0.12219540896963144,0.17889634238067081,-0.09564172340551058,-46.40185248296109
0.19202048264185156,0.327835224198071,0.04498757348892809,0.01901575162028267,0.09858505048997568,57.73110184535148
0.20086308065289538,0.25449375123733364,0.1124758570302628,0.027327550361936744,0.1664458083045545,75.70363002027717
0.1337684921670429,0.2880819045353402,0.1061618672154144,0.018600334334547275,0.20260995009486182,82.47926979580615
0.4062373896893946,0.45087534881554747,0.13307309222238817,0.16462607421151224,-0.02492290660445573,-23.711015850141646
0.25195632249019595,0.3558100616074146,0.1594960803511229,0.06433770281862662,0.1550734938203271,59.66189095243577
0.30392189437553563,0.3473983543999054,0.10003966348597945,0.05727389258598585,0.0855726557424956,42.748815229658604
0.14979993000912994,0.3075121404160197,0.014106261893779509,0.011824038787712474,0.05422164118968258,16.178794376938626
0.13514624690068766,0.25827997148870396,0.06970360858614433,0.021890877592567096,0.12426756424967358,68.59434104403232
0.1961528539628149,0.29431147423710124,0.060911007755668566,0.023577104729230684,0.14977448124380888,61.292538741428835
0.2835789128427183,0.36232677855157247,0.06539076658494397,0.05876506706145695,0.024220969777747625,10.132469566448806
0.45084208102922807,0.4999789078114856,0.13289536843760902,0.06599591265042827,0.11818422926487424,50.33994530711454
0.2835901179116307,0.402157179148928,0.1411583154935187,0.07683954515335145,0.14687623244077141,45.56498858412663
0.11174009535743623,0.40891824824939127,0.04887212331680257,0.00044355070127853266,0.24141104908389396,99.09242596560965
0.23734940558036832,0.2649487624844177,0.08341829390016942,0.11502193099905253,0.006874422593755702,-37.88573899234222
0.1421146589967771,0.47881967884887267,0.07459912888431162,0.04747095394833481,0.3653819614541772,36.36527040154478
0.13128368187216977,0.23377949029666756,0.06117938146076536,0.015728710317152554,0.14334573488063854,74.29083141803345
0.14699290022119937,0.2628124328727033,0.06350372291709974,0.02608645875143736,0.09280678687843433,58.92137097931778
0.21630524643977744,0.37192871255226523,0.001576924276896893,-0.0192880957260135,0.02734540069769722,1323.146603080336
0.08411860417340145,0.39816138020780323,0.0555134588492357,-0.035123546857468275,0.23836654091157292,163.2703268460669
0.06885113079334415,0.1628507922939284,0.0550407277631161,0.020425620243013323,0.14551348583347415,62.889988789899434
0.1986911794158397,0.2432888451914874,0.030712175089553727,0.01936572275445655,0.09150920365648521,36.94447658627896
0.07340046899036579,0.30669028794698794,0.018588201293054177,-0.0030652710083940793,0.1889428007456718,116.4904121709693
0.22868824022915657,0.3728007511792384,0.058418923263874774,0.037241469690205704,0.11682710980834962,36.251016606403
0.09392007470944497,0.18649440573873477,0.05199047915631857,0.015130433491509557,0.1319821037873382,70.89768408170035
0.25773789397870417,0.28349048134645793,0.05993719412973471,0.03697148439756854,0.11034013142479886,38.316291020324776
0.14710667582944692,0.2831508314708435,0.07015273310915263,0.02021417578762127,0.11313798812289136,71.18547647150187
0.13179119861373378,0.24373440911754618,0.0838679564987618,0.03102159189361901,0.09114928150019488,63.01138934501521
0.24890942701116592,0.3762572729577286,0.05535571178725043,0.01759870732856514,0.21686954256158217,68.20796488679875
0.22747787663089425,0.2733909971133701,0.07421720797701299,0.048766134019475105,0.11897079325260132,34.29268582216236
0.0931342462298349,0.38676435874270476,0.04921024129644691,0.01847278740652474,0.3705795557569904,62.461498013710184
0.12844707442120806,0.23641266023039542,0.06054273960578867,0.026929235376819162,0.24714934218389226,55.52028938207418
0.029234954031294613,0.08073169630402033,0.030408502241861535,0.007686849410170866,0.06149810797565608,74.72138104984057
0.15318141769296845,0.236533039871479,0.0491336529118256,-0.004153596134395753,0.11143691301330969,108.45366849041271
0.025765910092286126,0.14869810204503076,0.055903375806901294,0.015027855145973677,0.14787053875740172,73.11816159746388
0.12345730802139021,0.45898980887752905,0.014268573355062937,0.009979422383519856,0.10429772810228716,30.060124896937612
0.33151034934216606,0.4066539350674314,0.13733017798273509,0.12932634987364505,0.07610716501347424,5.828164083568187
0.2724943280919604,0.46739946429220625,0.022282833652244576,0.011288329795919079,0.14113075083226426,49.34068991363676
0.18337687054593144,0.18622146233517334,0.12173202046449336,0.11203382254390706,0.07126141923188484,7.966842153429181
0.10157620506233112,0.17731120074412643,0.03708301892445496,0.01095254768423707,0.11199544104183806,70.46478954006021
0.19071155903317372,0.24957563964722262,0.08287904910595777,0.03583348059578247,0.10861453950753089,56.76412678194376
0.1888464897057237,0.22296607394701073,0.07562029791591988,0.02444154240957245,0.15216350911779353,67.67859545231055
0.0968372690652547,0.10419093202921903,0.06079800840977199,0.053494011047552976,0.1450095732668092,12.013547077053676
0.1741074273076083,0.17975697505632027,0.09957800968961597,0.1322257690513505,-0.0035689120725875545,-32.7861135842114
0.14172419550310922,0.19033753462530134,0.0590540252688225,0.02068460698675711,0.12975505872000734,64.97341731982235
0.1470139554025549,0.18150082175751536,0.05526186850026032,0.04717745693071212,-0.006375022059987932,14.629276549905507
0.19464729808157666,0.28955848188676625,0.07109879511077503,0.01197149080497967,0.12875303698925117,83.16217484933807
0.14607970373315415,0.4049458806512446,0.01813374622690537,0.006302253220395765,0.22406755550194174,65.24571844374331
0.13792116376804264,0.2807884944853727,0.06302280408747803,0.02914308948157201,0.16833936019106016,53.757866055721195
0.055204780493795735,0.08317944286473777,0.047950057380075954,0.022127115028905887,0.13909218092237297,53.853829926593434
0.17361086573850715,0.33515465992447235,0.08250991538284685,0.03293545407195565,0.04563410587796965,60.08303496720993
0.21494925863586356,0.3838912753447199,0.04636343140779244,-0.006176591080941277,0.13087593908982817,113.32211808615864
0.2582986306523376,0.37611082363768156,0.06697701360047231,0.02272547755997644,0.29457175861702234,66.06973596115043
0.1132226347692562,0.4762718256187174,0.002505180921192715,0.0015225144032406874,0.08103454831465107,39.22537129510713
0.3026681482125988,0.5987922904419838,0.0902556318407258,0.052322989967614864,0.27305184778522684,42.02800545460776
0.32739510958533646,0.4140633431590811,0.1105966815665943,0.1580918127194067,-0.050657509911453166,-42.94444505933376
0.07138036409640236,0.288258809645179,0.00847200921136531,-0.009066319799826545,0.18143020085907563,207.014989875884
0.0958193408865754,0.2356353920496025,0.05840922628341978,-0.012166182006455778,0.20040744827885879,120.82921274700963
0.12642333806638328,0.25481256263146623,0.008113405149046463,0.003958000217881671,0.04942189578581327,51.21653430129963
0.11950213183050373,0.13634866743361151,0.07674592814074907,0.04289557693677046,0.14429924290824767,44.107032156674656
0.08832774252972453,0.3579092107486943,0.018622496625981526,0.005790039278170711,0.19706454292817427,68.90836178167095
0.16574550350650707,0.2951454610687111,0.009221563515900772,0.0013418848656851856,0.051376955751591374,85.44840185320669
0.07040727403707647,0.13616530394806503,0.04238887555984116,-0.0201625742287021,0.076561083053556,147.56572086994436
0.05954047722730771,0.20507526514917063,0.04391726453621902,0.004506472243087173,0.21736787066757898,89.73872282193113
0.10930424859484833,0.10835096111605891,0.07447085643342019,0.05026093944785768,0.09680336164409596,32.50925012149835
0.2700484092830361,0.598947043011151,0.03158766524141317,0.02117444917889404,0.15446508073940604,32.966083383924264
0.23794992417725314,0.33865860357569033,0.09137350637631586,0.09500037174620504,0.08534942680111807,-3.969274589236153
0.1756946578003169,0.2802104170670141,0.07352266695723964,0.033992124714950195,0.09265168251009498,53.766469414500676
0.1885827380740156,0.2663168431478887,-0.01031533687879805,-0.018546418185888015,0.030950892227589698,-79.79459521101997
0.27906072973229046,0.38672040322532075,0.0808893525432971,0.03582554896550045,0.12169697791501641,55.71042684965942
0.06808859807800327,0.12947725619629713,0.047858972542984095,0.017736064980734764,0.05916880255685536,62.94098256120046
0.10098277679505197,0.23327077822986653,0.058041423790733904,0.01611465534562532,0.1781301597473205,72.23594065554614
0.2260100942404123,0.35423879270346903,0.110093355110069,0.053640892358866675,0.23103000342385926,51.27690285645519
0.10588603126584073,0.16887090847532116,0.05121877620917023,0.02710083017998689,0.05397533836886631,47.08809505851734
0.42854705252099823,0.5046646795684829,0.13422918369472717,0.2348952371646576,-0.18747596215793796,-74.99565347791416
0.1028272013857695,0.18064861301796653,0.07423658859845499,0.01732260342790688,0.16651593632051165,76.66567961304811
0.17416450952347018,0.24420028133749971,0.05927305959423438,0.018194274008087718,0.07116277443120626,69.30431104343143
0.19045713800517017,0.23934225104685491,0.06088080327967945,0.03661571689402507,0.16284686311924174,39.856711932960785
0.32388683492207215,0.43444591442972136,0.11652289160318954,0.2648699024262404,-0.19839911450960818,-127.31147397906682
0.34096314824747875,0.42599945422206664,0.09238625246557687,0.053868619856346125,0.10278270847126286,41.69195262420934
0.043902837693608254,0.3441259913894401,0.01662803905776682,0.007325503795327688,0.12066988183211741,55.944872574099435
0.30193950083893173,0.3536666180000957,0.09944494334435108,0.0858691377545258,0.017342555339258478,13.651579590946037
0.24773870032569356,0.2505241703789536,0.13489433395778852,0.0739628686559994,0.115231872277931,45.16977363990392
0.17074333142614628,0.2232707992355859,0.06147258252528727,0.04139029825612592,0.10705953802109319,32.668684874106816
0.47318879861806273,0.5441897049279852,0.16533805127483908,0.21046963617405254,-0.10962228847206353,-27.296550643500613
0.1981319694083724,0.2183179348175911,0.11832945653865545,0.13703756095624564,0.005379701777666966,-15.810183672633272
0.14127954605793036,0.28780766593315843,0.07948545544964461,0.0238799668297333,0.251758514340507,69.95680946325876
0.15179801448235142,0.3959727524419092,0.013515584049587753,0.006328887916733312,0.05011077849477968,53.17340417170981
0.4317875605423094,0.4952001444316245,0.0999919921497507,0.040532083296647745,0.13039535978733657,59.46467069488344
0.176514908444952,0.27814940690112055,0.055950383129694053,0.03188493413333952,0.25599555195863544,43.012125476550125
0.07551217601889282,0.22338667352306996,0.004047217327700837,0.0017959149743864387,0.0252706045023049,55.62593186942419
0.01490436606703227,0.47750800044773123,0.01921936481082135,-0.06490024761073936,0.2878522198525534,437.6815428062308
0.21879120393002316,0.3820888651102048,0.09231994914025544,0.02846994414523931,0.10323971541137536,69.16165529728916
0.10293687473949409,0.18769914223069006,0.07680217061558184,0.034033669809438075,0.21567667827262027,55.6865782091148
0.1304753065066745,0.23015002868973755,0.014262425117946356,-0.0023016679137462717,0.071350559040194,116.13798421174597
0.265623924284222,0.5581540191967264,0.04401145811238177,0.01466758639255074,0.23035210065205153,66.67325505304198
0.25929328724541634,0.33682669187041814,0.10866415466991287,0.04500471750458905,0.16829937926367286,58.58365839103147
0.10939688121039937,0.12917892011530552,0.10606932207125154,0.10581784828237394,0.018590493393936012,0.23708437460237364
0.2281088899091629,0.36820554176749853,0.10034936324592098,0.20836031012606804,-0.13125895184374314,-107.63491006460124
-0.009780305403240597,0.22129470553429975,0.02003457717228354,-0.015590728034387333,0.13149355911253213,177.81910194718776
0.23807507978988673,0.3586374640314881,0.022300580619158464,0.01389038050765704,0.13542501423523257,37.712919924049906
0.047451266903967615,0.27057076910992806,0.08461585563309844,0.028476846971417592,0.17241911142178917,66.34573182726459
0.33408847245442996,0.44016292469394946,0.07731105395034958,0.006141151574881241,0.12487106518851215,92.05656725514932
0.13409097557110183,0.37633681137087027,0.00580600981596374,0.006559748427704185,0.09723100325783897,-12.982041636719691
0.43395075727899757,0.6508997404359129,0.04930769793611807,0.015849704548842884,0.1494976343023335,67.85551706474435
0.13542498034502404,0.3007082524264568,0.03336983762566589,0.017988658797657393,0.17192659189520912,46.0930586494023
0.14357851340505956,0.3310358857952608,0.007634190323905347,0.009305822908540925,0.12521249139033996,-21.896658502226565
0.21687792155930863,0.2774775393539495,0.07751431509062459,0.04264511278857085,0.07680470710553346,44.9842100278987
-0.010475723145187077,0.12911290053737767,0.01851120601678405,-0.06029049821073773,0.15112692297034433,425.69730008986204
0.024452559687063613,0.10657127870376726,-0.030617360950208367,-0.032225304658204515,0.02367542964994169,-5.251738419294448
0.06451672416301035,0.17739087903612294,0.030897368033717745,0.02241499305214994,0.11000731465603802,27.453390115012837
0.27535331781445993,0.33427551016955726,0.102486963791208,0.06062682162580141,0.02090371613055912,40.84435777674744
0.1359981240646102,0.23069399576058602,0.018012207100862626,0.0049996476015236446,0.04842320947216962,72.24300401651385
0.04094638636940462,0.3993163648816037,0.05219410456906616,-0.04250572627124454,0.27339366131494364,181.437791915749
0.17006261503619602,0.24525794236568943,0.07694969352151795,0.018414764028527406,0.1524905289638716,76.06908723635402
0.07878984151874202,0.3350295869545823,0.01848532868834212,0.00663266342868861,0.2429981125010252,64.11931028918335
0.3171777180730181,0.38535317637217636,0.07987180599238765,0.07690492945678179,0.009498396361111407,3.7145479543665547
0.08379756072615252,0.29009917993761913,0.012194177069539389,0.0048812863216675,0.07425605044871514,59.97035065317547
0.023770401247916073,0.09496903431582793,-0.005382008579018416,0.0015685378342722243,-0.010629651711596608,129.1440976216039
0.26747485414015093,0.41900051026009066,-0.004713863872627302,0.0006209608905311404,0.009207481710577184,113.17307642541327
0.40645667575014854,0.4832270533495622,0.16672507780687387,0.11976417422465213,0.04160139275150353,28.16667066523666
0.27364263008888234,0.3754811147139101,0.08529104581230498,0.039200006892996485,0.09437142836536656,54.039715986996285
0.2613384619931164,0.2830795428451496,0.10900770494423331,0.19919098872010582,-0.0970994167276326,-82.73110953212795
0.40978275134287334,0.4875156841612406,0.10697365643741195,0.06392625997157952,0.10346348530797694,40.2411190749739
0.33081177591613786,0.39296961484840254,0.12565615921504186,0.041575822794348564,0.15638567839463624,66.91302435625323
0.13074660414990402,0.3197630172857713,0.014950077914746888,-0.0037178596347157943,0.12608391604885033,124.8684967123045
0.13037321440145477,0.24252800846610056,0.051342045390037644,0.030760253005089923,0.11480223390455876,40.08759726767993
0.18565907692865136,0.5401382881233645,0.016993850579619274,0.008111969565348114,0.15424893291455374,52.26526485364771
0.14020210048944048,0.20752854021453104,0.07823911238003162,0.019678670249236335,0.16189900512606895,74.8480400012069
0.11011034043452816,0.2281895667648417,0.01401967195735877,0.014107613756898667,0.0176359792813173,-0.6272743029036248
0.011859269374697612,0.1449199326016648,0.04312572736246848,-0.009985977491155292,0.1370534457309061,123.1554992852037
0.15706127843430384,0.38953495128413396,0.018752910069903185,0.006558182926165116,0.07701493128663744,65.0284521083987
0.20304313532161833,0.2463023992891048,0.07829055301163974,0.028776868052527705,0.11401795064279556,63.24349880598067
0.03834748746881378,0.21356776475293515,0.08578285724179002,-0.003472484904188956,0.1817058416878131,104.04799398835752
0.2738137774245605,0.2767598296502598,0.07399587894052884,0.045709116025617724,0.08431726212516955,38.22748417874114
0.20340004505400477,0.2663222068732105,0.0767158335001378,0.06463433035430687,0.1261237144434137,15.748382823487455
0.08337945625240184,0.17397250504741768,0.05955260898757541,0.03255861024676951,0.12248387507249808,45.327986799768446
0.17386508274295986,0.33993122233533146,0.07380204770528238,0.039505315780282435,0.3502804623158722,46.471247060730484
0.25671710782567236,0.5012816296063948,0.021943270095185492,-0.010740261017887623,0.07785742976481838,148.94558090612077
0.2042427223825385,0.2625429181656532,0.09969012843761949,0.01727889605113971,0.1181508072059223,82.66739513536501
0.2585063939381267,0.34286839670076796,0.06226104843033629,0.025043482950949086,0.22879980282879542,59.776644334908426
-0.027527529817070295,0.297175071951027,0.01857094542347855,-0.029466887618903287,0.2694768325225876,258.67198436569316
0.21405747526914942,0.36312961557733925,0.1265584519514158,0.03137057078767117,0.15708739466675015,75.21258335262038
0.14523410504208545,0.38864319560854566,0.11984702104602198,0.03269590440891203,0.1905596656879203,72.71863403567069
0.2630396154622078,0.3913039958754456,0.08983979149443339,0.057609957426345844,0.10746036499955997,35.87478725402491
0.20892059034552024,0.29789744574005894,0.08268782162808551,0.28379413713553403,-0.21934442876788593,-243.211529276932
0.2986413102272837,0.3256546945376887,0.14904992009056559,0.1056818669958835,0.03392109847686926,29.096327638640012
0.357661968494393,0.4067518101629627,0.09044974110756204,0.007140367776894592,0.0839175632971769,92.10570678316998
0.23149690555760072,0.2930092749199982,0.04482589035111373,0.01020870390941711,0.08846906709013715,77.22587587339808
0.09497067258298442,0.13200415498003115,0.05654584478241878,0.03319959397148168,0.10146557354252331,41.28729688409556
0.13592118627508998,0.4609612636568152,0.021819177135841455,0.012695032150284637,0.09329827739513187,41.81709020808564
0.17235410706493137,0.4647307615214431,0.1096595442092511,0.007505362564088017,0.17312013503686188,93.1557598399585
0.14855424043708687,0.1594920392531477,0.049913954540439724,0.031241740140527247,0.022464649538100956,37.40880595782981
0.10492284774042115,0.33024662492012735,0.01661518106157933,0.0058517344470977225,0.1793267128610287,64.78079639692176
0.34018231738410587,0.4168482145391058,0.09488918028387555,0.05042553712192833,0.08836817010714346,46.858496436503515
0.043576037786275834,0.12501506576583177,0.06202226715103897,0.008742084404315668,0.15816046404108083,85.90492607594203
0.05568894102141331,0.1783154643067224,0.047107727922677506,0.012467208751718768,0.16722248981528254,73.5346846441365
0.07289671778753726,0.2841798323721316,0.03698003202045985,-0.015115713010683846,0.1365642248631212,140.87533781020204
-0.03122070132574528,0.0932142465171889,0.016586368782751895,-0.007267419164447543,0.06261907494639876,143.81561304729283
0.11197307028186154,0.21968867730159025,0.02737407446619632,0.011949008033871252,0.14157781428597066,56.34917977363276
0.21156117540517716,0.37290962789231097,0.09833202039290005,0.014281643399137806,0.18636790338226494,85.47610092615467
0.38849234650568776,0.4722709021207254,0.16857341445779442,0.23207265574750643,-0.07436983976532865,-37.668597681285185
0.08277085690258834,0.43173194777436696,0.020579939260741857,0.010059153906747715,0.07784772902483864,51.12155687487142
0.2510145176253967,0.33417093423428534,0.1234705330645849,0.11309245268518896,0.0016128304719796732,8.405309446560324
0.065881221822369,0.3229577616157384,0.02812765339353052,0.00744526390970832,0.20825329480353794,73.53044775707895
0.1450273349096134,0.23723048699503968,0.06186124418943464,0.004802352898905108,0.19304550735820683,92.23689571422278
0.206011993719302,0.22659845852407334,0.06997221580194175,0.03795961148604625,0.054199920481593264,45.75045101688368
0.17181666512126625,0.247146227865075,0.07246345682905075,0.02977769605499601,0.08077399271703478,58.90660291677104
0.10195481109736115,0.17058428541366333,0.04397755392654392,0.023383835693014752,0.02420256207695286,46.82779371478239
0.09297583619344463,0.19768200722844365,0.05958534598192522,0.02250172886945845,0.08229846411591754,62.23613625356109
0.21584596483183915,0.24090094704438125,0.12817166163103458,0.10207095303498939,0.11583895304664375,20.36386847443768
0.3312873540830218,0.4234841916870269,0.11659654782497553,0.03685043076677138,0.24330271231053496,68.39492124407663
0.23600379102687075,0.24931074536164666,0.13148534263361733,0.12473920528654438,0.07798157179923686,5.130714353364087
0.2276942705479693,0.3322550089921694,0.07772865448228977,0.0780075331976569,0.08845534744754843,-0.3587849516045136
0.045678844080267345,0.1301052030950175,0.06690627757647898,0.016918256490368787,0.1562797112754671,74.71349908679356
0.14482780924356775,0.2652230718448739,0.06841878650657145,0.04417092896831219,0.23682609015342065,35.4403501966968
0.06096153020033801,0.3688916779695982,0.016163595013115237,-0.009529566668633273,0.19555297034269992,158.95697498545914
0.19461996592794162,0.371544141340978,0.0028509641581745994,-0.004228509147423628,0.07697486718554856,248.31856567888372
0.22135078274631648,0.2432021569290499,0.07177545191935442,0.03380294323677767,0.11366496076140785,52.904590172754276
0.06862004158516777,0.10561029673188882,0.0379044438243753,0.04413943290717499,-0.007139714464147934,-16.449229836186486
0.0258844631454489,0.12104205411907043,0.048746487851432846,0.005858889300661323,0.13460117814080524,87.98089963215861
0.2521894483634851,0.3094746390054228,0.08664111112945092,0.0445438230632415,0.11908668538887487,48.58812117876887
0.051901908353842674,0.10095571399836012,0.037850099659995355,0.006626909720736067,0.08276040256639344,82.4916980925675
0.18145974220603744,0.24233460663698447,0.07007271256297536,0.013623186746159591,0.18539495608526707,80.55849952445293
0.16173917441618102,0.2189332393319905,0.0866668188933618,0.01871202939183702,0.1417804283825547,78.40923477892846
0.10228442318808861,0.4080761541975635,0.03372276512029488,-0.018247647250013793,0.1943982045959258,154.11076815593654
0.16054392556821362,0.3372339915621789,0.011944262693130196,0.009868984787730071,0.12590297412389145,17.374684053070364
0.13730342474463475,0.17303404238160824,0.06301758914108875,0.07181970353062797,-0.010784295381820224,-13.967710459110632
0.1452597391099838,0.34399991379523487,0.07087034927919621,0.03316446175484514,0.18537288379626324,53.204037947953964
0.28281541999970916,0.3173556656549743,0.0959816639247402,0.04402248461084728,0.1532523198132508,54.13448484768343
0.23498780420809728,0.29885207974369565,0.06367759302844601,0.03852510950512496,0.12386933260739033,39.49973974689174
0.17635054839207165,0.41239505460012726,0.08320887826866696,0.03463952246481945,0.29685166353923254,58.37040086879375
0.12366828529553942,0.20860815960396006,0.07448632927488474,0.01932814729593491,0.17935479082595437,74.05141656986987
0.20531204282897286,0.2578894601513251,0.05336955641420582,0.012165150253221917,0.08363543504983512,77.20582468625537
0.017845860172219008,0.32911532785315323,0.01655547469075948,0.01456365113508712,0.13833136030955884,12.031207759836127
-0.03194751280569341,0.11534455561979173,0.04482070227902789,-0.03333419697188589,0.22285577003882476,174.37232188903772
0.1447020860334569,0.22593487371480103,0.04991418476877155,0.05297424787447516,0.02625816166500481,-6.130648271387017
0.20503264977388647,0.25605128014300305,0.07936668747367229,0.02180683573368755,0.1452000828705575,72.52394370002986
0.07246278268456563,0.21137081592184914,0.0710735933396126,0.0019323748872680175,0.22495886291874345,97.28116337380817
0.10380510853099079,0.18922708295283341,0.039010468503510684,0.01344983556721774,0.2073021560747204,65.52249669596421
0.01022714056653784,0.2631854832719216,0.03181321382238945,-0.021141454745335443,0.11013244031326565,166.45494813371087
0.2201135216693353,0.33965236706695967,0.07081793938270776,0.002457521400615899,0.10858340010354582,96.52980385755762
0.18463711076237188,0.23726975561694952,0.06532920364703457,0.04508462227287353,0.10635998048489202,30.98856291520092
0.1860217035215147,0.2583581218746951,0.06876544748461921,0.022770796276366904,0.12215834262064589,66.88628212379473
0.16167505295597628,0.3636822623174072,0.01625676005488475,-0.0027882034078973578,0.00949264809322007,117.1510399272921
0.18719508351113623,0.2690206656705477,0.05172732074690708,0.009543244087364797,0.21003173129140584,81.55086335505707
0.32243541224091354,0.32594700005005517,0.004749987278838747,0.0009842639807713296,0.04371313032047566,79.27859754159263
0.08365442756551233,0.13951978711664315,0.0621613530831147,0.0073766804982874825,0.14917423019610337,88.13301169872497
0.05193639982670306,0.15830478737988773,0.08223978371486455,0.017641999563675213,0.11507532731430975,78.54809586459737
0.12170655863905155,0.2658854933762119,0.019892462841795553,0.02116351353282024,-0.012755487243984051,-6.389609477385151
-0.04662503398786022,0.1911693098754682,0.00833043647458441,-0.10921755839437337,0.26489190332244134,1411.066457653073
0.06539946089589,0.14166450028139255,0.054013638346194735,0.0129625965698587,0.10290482294730532,76.00125270810993
0.2074299260380047,0.2691624874588564,0.01318274521020693,0.0037438899908944943,0.003967351880661843,71.60007319267817
0.3942547307634928,0.5054496899424071,0.19820947366143252,0.08406324902990023,0.21728204438618942,57.588682580585846
0.25687128532332504,0.441820110830327,0.09252388111142384,0.06479307217170824,0.12156367996490336,29.971515036556013
0.20143268225272382,0.19815080240598593,0.0631352809583295,0.05713365832640635,0.06941718809426291,9.505972794964416
0.24570600795794195,0.31970547787202963,0.06051378957041792,0.037480758424188125,0.0846040182134585,38.06245040963268
0.20512942118273547,0.4714907087315454,0.1062888759320825,0.029367639196224753,0.2530402243561194,72.36997857142606
0.14754003547871553,0.3037533372148399,0.04314508880022345,0.034437662552121086,0.15365201777128618,20.181732128124086
0.08521900341206379,0.3325727612373057,0.003849207760983383,-0.010505165597846105,0.03462024299121848,372.9176040932194
0.18311413119780118,0.3489697957043778,0.006118309474144447,0.007010508854199224,-0.03883289598504146,-14.582449348552068
0.3366838094798773,0.4043812553387598,0.07384186943896284,0.05203427648533682,0.14052032158000435,29.532828894116808
0.19116560998193488,0.29941095805925033,0.07589238306504088,0.019988488835670146,0.14382582005714567,73.66206195088154
0.11071751232157467,0.20788922686114475,0.02939158704147716,0.001109185989399741,0.09348512569925949,96.22617864141031
0.1555367695291724,0.23323406506367017,0.04702943795579012,0.03110447928461963,0.017948310141676596,33.86168188133718
0.2526107148468628,0.576110680575845,0.040364157528624746,0.023948178111410784,0.22820321413677241,40.66969416015277
0.137790494508938,0.19036379950800164,0.04761979287748239,0.02395345771868661,0.12802197477024332,49.69852603031102
0.2632502110953775,0.3076450925280332,0.06513288208998509,0.05130721446049295,0.011268778459649192,21.22686296975332
0.09976488833611408,0.2249841225852527,0.07569307887810996,0.031303320990197836,0.0772033037174871,58.64440784525863
0.12920845954594629,0.18056902286275356,0.07079916265339964,0.010468644075591421,0.14108309497419785,85.21360467659608
-0.014879425173669691,0.1483215180655989,-0.014521948698578353,-0.02741043539640036,0.0035424216545012557,-88.75177130383159
0.2957230561993045,0.34867155545177,0.16406566367314504,0.12017217679218359,0.012481976565499035,26.75360943799121
0.06807645411085173,0.12501937848205535,0.0069611962174888665,0.006233514677893827,0.017069023976219615,10.45339790547577
-0.0462905947804082,0.11434643809273937,0.008932131021824899,-0.04624790564860508,0.11440792820224582,617.7701215488473
0.18429464508353444,0.2197913004573514,0.06778123326960432,0.033251274238405,0.05557382239219551,50.94324397116549
0.21101489706159993,0.2670455085292961,0.10556269564430494,0.037737185189185354,0.11716933138059821,64.25140059293166
0.23435143778528522,0.3372938478942006,0.0020496264424837317,0.0012615171559702148,0.0038690434702042045,38.4513621691223
0.16099410279276272,0.3805282694953084,0.002962663258149224,-0.001173485867734833,0.046994805331963735,139.60915451686904
0.2434959207185362,0.34061735360674217,0.07893549998839541,0.03756215727713287,0.07957113122214812,52.41411369706277
0.06202438864090398,0.16407136647808307,0.02441926578931122,-0.009245876829032048,0.07465533155530155,137.86304186540755
0.212720741355102,0.21465888100361996,0.09046519153102481,0.05193433787834288,0.047900085484505396,42.59191076765462
0.07151723635335261,0.11535482993541601,0.047864687805862026,0.022287587056133307,0.1374083591645191,53.43626360516295
0.19021593518577373,0.5031209468432881,0.08367751305039893,0.04109918848427905,0.323423136626789,50.88383128747501
0.11065123599834792,0.17681325140157422,0.059165044781874176,0.043239805054289523,0.12286494492107555,26.916635973650976
0.10418423868854321,0.1718834907098945,0.05891935787109693,0.011628843237165657,0.1674605099723842,80.26311952922654
0.162674337262242,0.20756657376425092,0.07708092589889892,0.03356040794855207,0.03780685375431325,56.46081367448718
0.1022369704392968,0.18706739033226627,0.07253433352544293,0.06500874619964551,0.16764383150805223,10.375207105415342
0.03337718263615552,0.15141384687236004,0.03625912458381577,-0.006499892585291978,0.14327557484191702,117.92622590836956
0.38079005196306714,0.44104138602265974,0.12099249179268046,0.03364292509795177,0.0973517470508808,72.19420428533812
0.2657426311837834,0.29939723364978943,0.04536831180306451,0.0700594706340476,-0.005245557901332962,-54.42379901232135
0.19486951496442972,0.24700339409163197,0.07823532554725766,0.05334806161432985,0.1024699511773649,31.81077570629495
0.0920316271611169,0.3839311804717802,0.0128565021669904,0.011264443545387082,0.1409371226439745,12.383295245661717
0.03820732792905601,0.21177670445247243,0.060760454437561805,-0.011123563301335213,0.1661656127926454,118.30724178135621
0.05109085241919675,0.4016541937365471,0.04892845515421544,-0.013241137625251266,0.2071457897110761,127.0622433990959
0.08445393845171978,0.19654281552232766,0.04556344234668715,0.016462465774030217,0.16528779512694058,63.86913515276314
0.15617282460883664,0.1948665135423756,0.06323465857001657,0.03547569647052247,0.0797038869402979,43.898334753809095
0.3239638824055725,0.4360923911223167,0.12442259740339849,0.06390313011699922,0.055142159600342466,48.64025390033068
0.03272585817123885,0.3768164300437481,0.018933779922161803,0.011206894749935805,0.28695894866744615,40.81005062904399
0.07886954976704996,0.4157689936396477,0.034484923583499416,0.004245457697355416,0.1738051825744996,87.68894561394124
0.06331686457752028,0.47617110112110883,0.02418898281556605,0.007022750892974858,0.05886121468678217,70.96715084498885
0.14929519857264062,0.37173503655470364,0.03300614901075387,0.011715658420607542,0.07298407660794029,64.50461877030726
0.2317340011034289,0.2862820888635548,0.07571614949304345,0.051474425354413406,0.08829537067235763,32.016583385367866
0.01887559876765388,0.29021885484227095,0.033936935728061966,-0.0577556486661964,0.20773986622662183,270.1852198118143
0.11902759429539755,0.14213787165295855,0.04526778504581553,0.04428753752148146,0.05179239731448503,2.1654417669032493
0.08969302529638623,0.12377563561850413,0.0427498296044316,0.017500997235557234,0.12444582003070954,59.0618315967673
0.22805585504299897,0.30771779640430164,0.08283230248129474,0.011760577533287313,0.1303277382968569,85.80194298481187
0.12390221095207543,0.26681840656392664,0.010285891978351136,0.004354145769236272,0.04186698729496165,57.66875854422246
0.17138883059507015,0.399327518016375,0.018534270712866428,0.012035606817029476,0.09190083141889378,35.06295983540157
0.31370946556841406,0.5468612748019186,0.0956922399244735,0.04622992844793668,0.19037397480109536,51.68894731231673
0.07215312449663325,0.0995008332490338,0.07643975508850566,0.0457487238359647,0.060353133445855564,40.1506143197416
0.11760876445789159,0.43212072308001925,0.04189201871565478,-0.004640695625556469,0.14650629373018545,111.07775602091543
0.04653581070246471,0.2669720798505848,0.0327674654345756,-0.0048833586391447605,0.14950917340662384,114.90307100161594
0.13447218080633705,0.28171775694626144,0.09016876567770962,0.030135075238195037,0.14071754457544788,66.5792527914745
0.15332157123106993,0.1994418436240306,0.08047715788159457,0.01803539632254217,0.0633069508247424,77.58942189648707
0.23083498049796758,0.31870456402777747,0.11830069804503396,0.17825080214422173,0.01232007224618279,-50.6760358052717
0.15092728788054832,0.2569456559557477,0.004547221280658934,0.0013531792598856698,-3.837381829850314e-05,70.24162282048474
0.0783512981925979,0.0945977839910197,0.06099719903800896,0.029017783942798303,0.11489612251283292,52.42767799105569
0.30137903620804296,0.34948505095556226,0.1272382384700595,0.061259920955807345,0.0873800059605887,51.85415823701265
0.2110579157265824,0.22362430505679665,0.09885633787949327,0.04708717172514243,0.09592117654131065,52.368080049109146
0.10915247933763084,0.20977408771788375,0.05804097408517123,-0.00397121632824335,0.17703730960437555,106.84209111035223
0.12324780367476995,0.32112423570436177,0.0853368207513695,0.031841385817872644,0.2292522207518046,62.68740089270124
0.140426369530935,0.20903884426758035,0.060979199113393744,0.012564462434282803,0.10635970334112377,79.39549450146339
0.16708345620220666,0.29576987401506805,0.01691052095823637,0.014912790982400819,0.05197512579316872,11.8135330116045
0.15155730360257247,0.38729387765364354,0.07277838163573663,-0.05770247715149138,0.28192586858149066,179.28518861589734
0.08506228982928021,0.20117593305885784,0.04699156908361833,0.013460853122174023,0.2307215847681534,71.35474855453042
0.02877822518229811,0.12233548583962772,0.02700089272986697,0.007823816964968332,0.01075245133946786,71.02385819890304
0.125928506881681,0.19894046048388736,0.0801417072251034,0.013633037064597368,0.10503046579574217,82.98883622942463
0.11718481811546111,0.4384600001651755,0.06538809127258552,-0.0087608194780694,0.3181840596082587,113.39818812197448
0.1467000099711121,0.22122246325668826,0.007222204079255876,-0.0049592449269460015,0.05833641417615839,168.6666407169287
0.11437427686581414,0.13021463900005947,0.03866096539752903,0.020836220367575327,0.060757246685523444,46.105276592738555
0.18712657143421652,0.3238729394198726,0.10827667291325457,0.07143839147400413,0.07502709811185113,34.022361832971434
0.2870919043208594,0.3515989776622994,0.08593487658858796,0.059472974595525675,0.11276547221332622,30.792971426197862
0.14107590128843495,0.19094816424055117,0.04760226149782215,0.02981441472541848,0.054114802818953714,37.36765063823172
0.23886940251199884,0.2863853039843537,0.0903964938305706,0.08384273435176938,0.029762143234724567,7.250015128999234
0.05642316772445133,0.19438258093510463,0.03604084501326561,-0.009227020867218907,0.08935466832501798,125.60156640007388
0.10204284438340605,0.3592664101119216,0.04065256200124037,0.003989396240229358,0.1434180685803616,90.18660560653561
0.1918427010631284,0.5086425622471125,0.04005619153202791,0.006458427420707425,0.2256568193199986,83.8765814379946
0.13761438285600036,0.16483562487398873,0.07780996651450502,0.10970541972870833,-0.06793550392775789,-40.99147531217289
0.02326205613988619,0.1093772939608787,0.033504907783620405,0.0026950099392442388,0.08758418270542045,91.95637261069629
0.10563321528070635,0.24628681889242354,0.04393929035087378,0.02584594536898145,0.00021875342343241622,41.17805462357114
0.15127770769596494,0.23632533618508567,0.07451798820497588,0.025227642500341308,0.1918912445048966,66.14556685166019
0.3175101986356542,0.36819753394852983,0.1747222323434623,0.14325108953129204,0.16579014207187093,18.012099771198827
0.32646230856107783,0.3945201771551117,0.09374909007690008,0.09666986636952246,0.0026080912530897365,-3.11552495093717
0.0801326301631986,0.16832779097999717,0.013498329916167078,0.009919067717291412,0.013072075397409094,26.51633365834946
0.04903250812882376,0.352944941703797,0.020096827799418272,0.012912769616208908,0.06351897048554134,35.74722466108465
0.1770070024273137,0.2788240681605417,0.089306078679839,-0.005604913275113664,0.18235181108782722,106.2760714141388
0.04610908254945112,0.12473859520484987,0.0625239321036059,0.010692600177975407,0.14187620298599612,82.898388155983
0.44068227062665943,0.484570596467346,0.13936396701999798,0.12650608081565945,0.008739895433303828,9.226119548170937
0.16489851891979823,0.2811815557828429,0.025760150305663802,0.004995585496267095,0.1382508945789772,80.60731231382321
0.16944654411861804,0.29439988060826117,0.03134152940623654,-0.012949095442159182,0.04833853479325052,141.3160930161324
0.01332599299122772,0.3091469938247102,0.010561124167163944,-0.018344628108668683,0.20613628000577933,273.6995779834194
0.05605977082323432,0.3879093284302523,0.02512617640037558,0.0009368296918206283,0.10795142640287338,96.27149918518192
0.13281668441496486,0.3226392342527564,0.017577022127039262,0.00016734260154626854,0.029166999487670528,99.04794680044898
0.2716580255621338,0.3135099499456878,0.1336282278412363,0.0695321403905163,0.12331825319725453,47.965978810160195
0.0870359256562746,0.20862450751006067,0.06358735715739079,0.011534565279489812,0.1552835097278815,81.86028513350607
0.36080049478307563,0.4611241314311396,0.15071703811748513,0.08781469687759927,0.254160677953374,41.73538839772912
0.10694649793298494,0.25069874017058325,0.06434705579051464,0.02015680291845784,0.1596895857338942,68.67486372013754
0.16014830350448928,0.19353303991042914,0.053317549934290005,0.031108373000473085,0.024530114921790608,41.65453394086583
0.4213138548144404,0.4579637509864841,0.13014446356367357,0.06615660364538484,0.10940375746137623,49.16679370458389
0.08839295062296726,0.17761428605064133,0.04815646950724479,0.03355738225258239,0.13442337537292956,30.315941770743954
0.2533239571174676,0.34432273913376,0.06432065383964211,0.015372569898072109,0.13839162206990951,76.1001031855219
0.0562945766861096,0.09111488117137134,0.006709406142104754,0.014194114814085229,0.04428160959445731,-111.55545682367212
0.13696757146766914,0.4769574845520814,0.031237435773696566,0.014435398502932954,0.22277381868414337,53.78814507211165
0.10656669901208271,0.27740856127399705,0.0027147422922931073,-0.016782913622897782,0.06765062432345627,718.2138787369565
0.11044042742095905,0.25582400660285753,0.009177457160647384,0.003152589291707568,0.05721675989292749,65.64855344434882
-0.04119257952303301,0.19818498208843904,0.01564561196652483,-0.010815189074537924,0.1392953565195937,169.12602138975436
0.08270263513303433,0.20295368308226835,0.07785606818383317,-0.0003804277043701794,0.1561278997074631,100.48862948418088
0.28659237637456725,0.32232374574387945,0.09172195334141756,0.06651040839152603,0.09242464745900163,27.486925464884443
0.11123362254533797,0.19496901995315163,0.059487560560752786,-0.008652273808516808,0.17697239346427943,114.54467745349974
0.14842495319238158,0.3704354962684736,0.02209892649097498,0.004352652337705447,0.13284156638189762,80.30378380830837
0.2678021381239992,0.31802524752338823,0.10906896037244418,0.08172561979237897,0.09813654240327191,25.06977281776071
0.12208106726806123,0.2753276640752199,0.08597377180422298,-0.002938714992914704,0.22098402396442077,103.41815292180814
0.2542437821500788,0.3484738403582258,0.14186381791736874,0.10942554024560014,0.05697967025911366,22.865786461959516
0.28355539919058326,0.38499635234671314,0.05648304365736503,0.02657448408748594,0.0853502049126611,52.951395026282725
0.2244918687846651,0.27666281047587027,0.09768755187777968,0.04431525750018818,0.06697265924004195,54.63571698916915
0.2584444860612154,0.32028156988691525,0.09259073837542743,0.087763806846384,0.08187063427490185,5.2131904483488185
0.181526761310689,0.20446451099024399,0.0305544292738702,0.026208565464448365,0.05456476929008401,14.223351287200664
0.10824499874308668,0.17038556691594764,0.1005377976378589,0.042515755135283335,0.08679600563835513,57.71167050184771
0.17501668777651258,0.23202847848014052,0.08385801120080318,0.11208671544167804,-0.04354144697856147,-33.6625014553225
0.1763715139424863,0.24313657450725668,0.06895884389387189,0.006565645126325734,0.19620748781624525,90.47889327084673
0.04173303482683022,0.40040437736962076,0.023375378856077773,0.00676007861960257,0.08089193514867339,71.08034628561796
0.05586831507878054,0.1094084151327066,0.05051778126977533,0.020494931068688126,0.06478132435408093,59.43026286281066
0.11434471135573976,0.2355169102809892,0.04200686458966578,-0.01059264243646869,0.13901173876449682,125.21645578631122
0.11462143390755641,0.2705460947625452,0.048678549988837666,0.019910852641912544,0.12990485444939767,59.097276631127585
0.2462584303815819,0.29730133835869776,0.1369133683950221,0.04951114049757073,0.25394853144833684,63.837614195042434
0.08118105697035694,0.1772699302205505,0.061043946586030295,-0.04560397391860662,0.1596114126907501,174.7067915314685
0.12255738812011274,0.39116897444629184,0.03509577245891231,0.020420206797931415,0.10150303409070792,41.815764785237384
0.04009220956777282,0.3046922973733929,0.021447231430044972,0.00022385749958168423,0.19390031456578347,98.9562405743984
0.01479834373133282,0.31570559988364033,0.05833871625885826,-0.05092024649141696,0.28935580175377607,187.2837966908213
0.25181333291202523,0.36840441493003406,0.021868568784030457,0.008920524922533184,0.03317803840490233,59.208464849115295
0.08789378563765537,0.21282902870505327,0.07797142011204718,0.02290599208168428,0.21276177716761763,70.6225793389838
0.10316764593622296,0.1545579704551936,0.063610643658684,0.07500232348531335,-0.012922973091366873,-17.908449233360617
0.1864163661709124,0.2525489689802748,0.11636889155213269,0.03754870623456209,0.13350241597846238,67.73303781299622
0.35138517522183554,0.41153794264720245,0.01927061395395184,0.0108507848545434,0.07130951063539387,43.692583534328854
0.09642099818108207,0.2012841466164641,0.0317419599487257,-0.03176150133481599,0.15682617424835255,200.0615632623879
0.2859717907364825,0.36447058478954986,0.14620900313739238,0.13660585375805537,0.023526120477495985,6.568097157678414
0.17797139365408332,0.2557447333714786,0.06107183967690063,0.023097038945592153,0.11493598396879019,62.18054169026742
0.274193321284102,0.529195712311022,0.012966662769169985,0.007328718514473959,0.11670321429031937,43.480302951203534
0.34953531353142353,0.5073173029630973,0.1365155416033204,0.049943814715135315,0.34135438866934487,63.4152902090376
0.2082991394109378,0.3647105751184634,0.015523391994715615,-0.02319304609524205,0.050045167252685485,249.40707612831847
0.11860747799717497,0.25624833712066364,0.06942713898067111,0.02677129177776933,0.1983596097432893,61.439730671859316
0.20347172729336382,0.3572762505192689,0.07806935647336882,0.017218178460845567,0.22087780745311206,77.94502319649699
0.03962112286249153,0.10151209381139692,0.033966904206853304,0.00013046988717028756,0.12508166550684216,99.61589114399196
0.2162465580257612,0.29125884744624375,0.04941957916564733,0.043945814179826556,0.04864712572355405,11.076106025657356
0.0885067678756859,0.3180483669673112,0.019559662607545845,0.008787657856764018,0.07368152193415088,55.0725488824441
0.09289654672073566,0.15542057555732725,0.08545503337053925,0.08350712237259839,0.0653805118903018,2.2794573018239688
0.10450659059089351,0.1878708676103097,0.04100337909623432,0.009835617379414487,0.17005532036012344,76.01266628213631
0.03845187587777721,0.34881554625716527,0.02848786186674055,-0.002804065795893959,0.16142243648335133,109.84301949023309
0.33988754769201546,0.36512186588830076,0.14606519575362428,0.11873327880463955,0.11603099552761846,18.71213522698925
0.27029526892141376,0.29665010398827674,0.09659558903675447,0.09451881142573862,0.05717239634571029,2.149971475639162
0.04439024466663266,0.14653526587915788,0.027995593225246015,-0.014783450305195548,0.07641455097077676,152.80634772141227
0.1896764499027347,0.22714384247598873,0.13815971064371332,0.0555401202017572,0.13962133790803938,59.800060420664735
0.07386206962098107,0.2084936321674956,0.05368277981770245,0.027163264722010052,0.09160953326818623,49.40041329034774
0.10006278316016626,0.27802215612649217,0.012716094847109642,-0.007808618007979552,0.17091094796646286,161.40735895623212
0.1556270709602574,0.25289268526647934,0.09962258142490166,0.04149099595240877,0.10927550159489607,58.35181606523028
-0.0072369357625625685,0.19394851139507951,0.023795088676722052,0.002264912963759603,0.18340233051880933,90.4815947755837
-0.008075564304792282,0.24572953992368718,0.028320720898219236,-0.02252438970865092,0.12954762651146762,179.53324984063954
0.12911122469746994,0.3532610755181397,0.017717667632388724,0.008913991950008202,0.07813555990771377,49.6886828731734
0.12740205897584156,0.4348952742416893,0.06833985925823347,0.018549086322960266,0.4091158893592913,72.85758776167584
0.15763738451066356,0.26263051544562466,0.13584631032269637,0.05172585596422804,0.15878957378444752,61.92325294565914
0.16569209564990828,0.24719612509250766,0.07898852111213474,0.005674490917733864,0.16124329675124366,92.81605626002522
0.12620536474147082,0.42226820886444516,0.026138639058509525,0.0011815950027765656,0.19101462721152396,95.4795083243177
0.3007210214953109,0.3761842656867218,0.08840929410284132,0.043990150628767946,0.11543133937014283,50.2426175039959
0.3827113659006879,0.4262305504452497,0.15832716143512265,0.11367694607915212,0.013516963256305511,28.201235310005067
0.16560035585707134,0.2741789561527198,0.0827353618053593,0.06865349374467808,0.0866745123741944,17.020374061830776
0.16864856869950584,0.21723286384847917,0.011687452448254601,0.004045027582928589,0.06951319230960926,65.38999751367825
0.2003726889423496,0.30914597992442727,0.09171352040510834,0.03020069247450987,0.10207105255797287,67.07062127687368
0.1629706143699856,0.21122957431286005,0.04844473743486567,0.05941291380154055,0.018349049160348213,-22.64059410255174
0.15239150604861074,0.24114803127613227,0.07183504796188898,0.02594320544058204,0.13607810520050914,63.885030807878316
0.39140457877812296,0.4554660233432736,0.19133859701959485,0.2631771385669781,-0.09296434548494623,-37.54524317956942
-0.018060303516118648,0.2502200706850367,0.03740411565786687,-0.026599098693012427,0.24802488496903824,171.11275918487888
0.1467087254503704,0.20379941597868945,0.09381399380677782,0.028564309986190216,0.10436063118695643,69.55218637741598
0.03928246475543262,0.4475035419022685,0.042405700402046824,-0.008909922613657749,0.21866185167004937,121.0111436179172
0.20540526878857657,0.2823054437441507,0.06278968738556169,0.020589374880444187,0.13361702359327912,67.20898647891875
0.31006931970662854,0.3888038808190579,0.06493944752474451,0.011880243961414627,0.11830440476712784,81.70565901890714
0.2838246735289066,0.3279739736530711,0.12391059429446874,0.09625125148943106,0.09478123043164129,22.322016097595593
0.21965272013596004,0.32137026490551424,0.024391638336087474,0.005891264629960993,0.015383433336712167,75.8471958759537
0.15057691303294807,0.46746082973756276,0.03170510403423372,0.006397743642804297,0.1749000679568588,79.82109241497423
0.2972059141897331,0.3682852015632486,0.10868665442999281,0.05157900791337695,0.1900390033867297,52.54338429691937
0.13301376655088792,0.1991767138121937,0.06159683788979171,0.010138824724956658,0.08111463546689002,83.54002401373765
0.028843935370554963,0.1186464865107939,0.04658168063233551,0.010740832039514092,0.13650872654898324,76.94193963440179
0.3108492442730635,0.31627869197322744,0.04473027684064005,0.03385300801433777,0.05655178264221679,24.317463683613173
0.3621476639807434,0.6010011377476562,0.040126353548882915,0.021606473847790394,0.13510373673505782,46.15390650568621
0.2553251180763205,0.3094767716192929,-0.00033673077434625154,0.00854568328117832,-0.0075558361676158516,2637.8385143945934
0.2962851909670654,0.3805666087606554,0.05781383320731459,0.019321087974110866,0.10412890283555043,66.58051040340574
0.09808492403802249,0.11800266462753328,0.018016854628943646,0.0023749211514461615,0.02288911824308597,86.81833649459041
0.13447938408548799,0.43497448678769823,0.02722266521266548,0.013727437227438225,0.03507500030127211,49.57350016907431
0.13810244117020243,0.28984840264877954,0.020222340861385066,-0.009055883574676307,0.06624126527877132,144.7815791294898
0.14047541490814575,0.203424186242937,0.07512955960194342,0.03717819826895557,0.15135938104566704,50.514553171966334
0.43260600016334694,0.5284779661835409,0.06494595262140562,0.02973729527449509,0.02249530867447902,54.21224252749827
0.3636450949209822,0.5339614387279269,0.12230981714446384,0.06846077300343886,0.17934519543460242,44.02675549536816
0.13788582976500374,0.21839043152796855,0.057615406380427676,0.028955794418750548,0.007176051291372804,49.742965922067995
0.15713662870932765,0.2505510171653871,0.0367597268880432,0.026420398471251164,0.08778304183728003,28.126782465718208
0.042115557996587394,0.03427392325093215,0.042040305568210826,0.02984745100693622,0.07053300272512252,29.002773401567154
0.36795320940627985,0.41634608752373825,0.14931545003027027,0.20090083023018088,-0.05588137555335073,-34.54791864435519
0.11444709260655905,0.1274270664959315,0.06386235800609608,0.05195159172144641,0.008994068939320126,18.6506835270829
0.2385842811802924,0.28943203097662606,0.138553297210749,0.0993170483870306,0.05706258952464446,28.31852407239172
0.23674042469146284,0.2982357455247685,0.10338671607771469,0.021320126379057423,0.1920355547823779,79.3782729659086
0.12971094732752986,0.22565021756542036,0.046858652676422405,-0.010833290682830963,0.0767984636788712,123.11908273940169
0.27179783670475166,0.3042155939939024,0.1311085085466085,0.020160484237975815,0.10064003115883205,84.62305424608742
0.17949739211697213,0.35753783982172227,0.022731965483209153,0.014660266345023548,0.10505575219420507,35.5081444415694
0.07215050806641188,0.19021471565927717,0.04422747838789219,0.007142967564483752,0.1539927821962744,83.84948040257429
0.18606315973946863,0.23661660909177584,0.10133372473117165,0.017479373396690274,0.19476514919900004,82.75068498364062
0.02378424291617398,0.10842014421408985,0.05769980589166994,0.01053582130899195,0.11763745826703548,81.74028292439543
-0.021471799393936397,0.0972260986651673,0.010866406178770683,-0.017037360654735455,0.10409855543050785,256.7892859372471
0.17448954044112774,0.39252992896438543,0.13847753995981013,0.04377746804582067,0.20213495699983555,68.38659319155579
0.052119436453347046,0.2724089118317473,0.006063364903550523,-0.0037660191770666745,0.022697219021952018,162.11104291053647
0.036656827531049596,0.09143412543850504,0.00676566748520776,0.018447075605381065,0.009600689600330049,-172.65714204419837
0.11697424500455866,0.14279722523199345,0.05023381689232,0.025258122938858873,0.13277426694056643,49.71888560050777
0.20562408560969558,0.38491230996684933,0.016101341368246015,0.014514283354185703,0.015871313304332325,9.85668198545372
0.13420279459491002,0.2717011010063126,-0.007922368990090037,-0.017713270678612884,0.05400271780468119,-123.5855297925422
0.11676351384665362,0.14061804067650685,0.052967125129164634,0.031848010535893645,0.0848957624017502,39.87211792554403
0.06747252000825676,0.08098462958183206,0.03487352386165906,0.016618837962224957,0.12176660969217097,52.34540097481752
0.1788459145192831,0.28652028858954426,0.09500831677673041,0.08177762614062939,0.06594349642581697,13.925823638359105
0.12319686605545899,0.15009684328285666,0.02985346137311968,0.009715396413161858,0.12433704310715132,67.45638205320577
0.03896569742716971,0.22578345736000216,0.04325901030577576,0.006208076091912978,0.1441118909003265,85.64905658259107
0.05512717152304525,0.11293581715772494,0.030559765243909565,0.008730539955335946,0.1271613719500676,71.4312597441307
0.2681502551101521,0.44598197424892494,0.02959907794544225,0.010614848033418898,0.14854919397048166,64.13790979237783
0.1608671515679977,0.3787600161433956,-0.00379158602998648,0.005785112535577772,0.0118780435831537,252.57764138345033
0.1981142723688033,0.35950656488941024,0.01522531793782985,0.007898871577707628,0.050564165794687754,48.12015348407563
0.027186798099949172,0.1942104690651365,0.05007350154916224,-0.02100748442421859,0.1449433254709382,141.9532962031693
0.29453300088796,0.38025333162525254,0.06083248715115543,0.04072909064235137,0.06705284934990965,33.047138873101666
0.16221879372613712,0.23544871729556582,0.07417577919569456,0.04411101733397963,0.09576950733737213,40.53177760680672
0.19939554948355198,0.2488693103750913,0.08671029785391743,0.062282215400695,0.06619066281319441,28.172066130342333
0.1037750422686432,0.2434633704149911,0.03891683957689059,0.01898351527698177,0.23567565517657565,51.2203059565647
0.014871457031771507,0.33468576249216053,0.042752141719034006,-0.005190888179648313,0.25577460380277794,112.14182020110874
0.3120889487962112,0.35138929212868697,0.10672173789466702,0.05647469693613849,0.1547479918501485,47.082292651682366
0.13739316514328137,0.35244116505117506,0.027138991906175726,0.013250588412857828,0.08590564381110914,51.175089853494015
0.00962683739134651,0.23670762595691985,0.07448687192818623,-0.03196082894373458,0.2229386244322642,142.90800260017423
0.19022674783285098,0.22507274389137377,0.07139328468718362,0.0786472283169358,0.054711562039340536,-10.160540534780008
0.0687413654826402,0.2049547095230122,0.023585570093241675,0.00586219940490937,0.12323653700503505,75.14497473779888
0.05804441506567981,0.18782067826042348,0.042070776826701316,-0.015352664686977047,0.10267995499398623,136.49246780067315
0.08355859393183196,0.18585298396394412,0.014140765793074567,-0.007833011731346767,0.07458780473126847,155.39312259299973
0.27473307567397665,0.3880104817250265,0.07015757567205608,0.04515771305357565,0.09430852736296944,35.63387471559672
0.4271805649433814,0.6232211230095488,0.045557241354520245,0.023405113768396924,0.09230665913252539,48.624822152286356
0.09347013239537427,0.09564555544923614,0.053016468719296224,0.03244567959287554,0.11022208889264587,38.800753093035794
0.07626080227395715,0.27428584978265247,0.06455424083169943,0.015695636137895413,0.24900378807399226,75.68612699076456
0.18052853951396175,0.26675160343958015,0.06557699523016323,0.02544500606035937,0.19198978845885964,61.198273920523405
0.13927147874326173,0.18742474246027618,0.05170824384673284,0.032128018243566175,0.1767837971282521,37.86673873745149
0.10581424011264051,0.30340737489881175,0.050892825558796144,0.034427612587874204,0.3154824591226678,32.35271924900257
0.06053156054549813,0.49182777247053544,0.021109592952929877,0.011785479120837957,0.13444748946538013,44.1700313828069
0.022234287851032875,0.19606881525857278,0.050709793530529665,-0.03182186197843297,0.2017532743996259,162.75289202129116
0.18643618176178223,0.2639389031061581,0.10678777369923327,0.024427924698031473,0.182053455438503,77.124792612652
0.09986896321177086,0.18809641745426064,0.03735650408464755,0.02951823166096615,0.04568774020686314,20.98234997022301
0.038217055475582185,0.12259605426968934,0.03366739100677671,0.03144064131424174,0.0017499563918245281,6.613965697807584
0.1464625406673472,0.20835549613928994,0.0504560522536078,0.015452971584071249,0.12905322632621488,69.37340339985418
0.10924417705319367,0.3238977289973358,0.02095185748149605,0.00460886083718895,0.17763443385658068,78.00261460703743
0.14993929681998075,0.19513230568704976,0.029069444111288655,0.020829967320615927,0.05673623944317237,28.344115419369366
0.21705456322949557,0.3310281324440226,0.015558653798114762,0.0115959597475637,0.04956904960687175,25.46938894566329
0.16212876199579906,0.27189620316803487,0.0075294728218685035,0.01861029811887498,-0.06046479617083861,-147.1660175839067
0.22624179841871483,0.4549698603291652,-0.00760855322232299,-0.06967803381726141,0.09618432383258249,-815.7855873680516
0.004336361790499121,0.25159294358097717,0.02092601596355126,-0.00925273663430837,0.13715529185810307,144.2164272952133
0.28216024513787585,0.3223318526768342,0.07484382919707039,0.02193794283108827,0.17045777171441348,70.688374624281
0.05737324913669195,0.13869218679230078,0.040111525880590276,0.01950509236600575,0.06151772316531928,51.37284873163066
0.3131843635102527,0.3595466213019145,0.18794084087445234,0.1540283489730792,0.01722624382098991,18.04423761412627
0.23454217430377589,0.32683994105053915,0.07352023720945067,0.06341075049695671,0.034775742612509035,13.75061764789087
0.2593694858101945,0.2971003279218595,0.10055926907138879,0.02125291323811967,0.16782595131126313,78.86528667682353
0.29737936657309083,0.3279209401963086,0.10468047298206481,0.07576968808229824,0.08042548730880678,27.61812597533824
0.05573543477666487,0.09766279324174953,0.060475709623483614,0.010772350054312579,0.13684638178851788,82.18731103548801
0.11935430601623609,0.23813849593255187,0.057174224322165484,0.021031887953932567,0.13387004216888576,63.21438864579601
0.150575859835144,0.158074509625309,0.03094955141455624,0.019488964991290623,0.026424296946292822,37.02989510172821
0.10522042996582415,0.22062054318056645,0.09546656568544876,0.027708416107549025,0.09416634875642008,70.97579041562568
0.23373167472602752,0.31462093256257895,0.11342570656379325,0.03520807571892899,0.19270540776441322,68.95935076311193
0.11776412015409388,0.18243092724329502,0.07973887484966038,-0.03754455990089972,0.1734703539342088,147.08438634441006
0.040635873500841746,0.129480396542222,0.048299296439011805,0.008559662291366607,0.15022220324810048,82.27787375293342
0.07472922284905437,0.2801451797966591,0.024237613129520857,0.011927523627330676,0.13982377689694836,50.78919874002269
0.08061874831795912,0.29814893759562044,0.05440166870298601,0.027392369233526795,0.17513967706901215,49.647924619593006
0.23686228470100257,0.33558942703576844,0.04938757202523376,0.042305032827339245,0.0578901871162045,14.34073170123813
0.23937038379073328,0.39814058715475065,0.09277324934835803,0.03502441324719084,0.21071228603676373,62.24729273448615
0.24991449006198363,0.27122954361315554,0.10164695886211374,0.07160596203822944,0.15509464900884096,29.5542504765298
0.4073377851134702,0.5487013333065933,0.1962422690972412,0.37196166868952396,-0.2882374706519864,-89.54207490599843
0.2942388140773956,0.3690653474270863,0.07511828702027461,0.03162859231041684,0.15908928126703528,57.89494999815397
0.18536282027818596,0.22720045090578855,0.028486530090197783,0.0015212597116409845,0.06226978392767255,94.6597226590105
0.19873328252389044,0.21973348330072118,0.07237205343148083,0.03985281001266343,0.07168285792891063,44.933426477397674
-0.020405290178799884,0.13189550770841774,0.03397384488201153,-0.01077991596270327,0.16048295312883618,131.7300440975729
0.1496873475888475,0.36542762618302016,0.1038294399953195,0.015627536868775105,0.1869875518074542,84.94883833575567
0.09080012599693243,0.1176976755149769,0.08483278095991906,0.060106200476390856,0.01751957727460585,29.14743593659952
0.3869299740293205,0.4486378174794783,0.11148458248859247,0.16965440409478127,-0.04628493912730289,-52.1774583603441
0.08280377748246692,0.12429790626937554,0.06491194376138888,0.026739324976281127,0.10393066951137585,58.80677202554163
0.26092044757261235,0.30723218833221133,0.06858049149158704,0.0999658824242841,0.0008565551432354185,-45.76431321806317
0.2118151675596841,0.27486975342742936,0.09768828385166933,0.03707134826627841,0.147877888830941,62.05138753121322
0.1885920493921922,0.36084028856031014,0.048246256083511505,0.03277407448571359,0.08735720567656627,32.06918599241453
0.1041582875141156,0.2959017245708162,0.057856696807810824,0.03110762696683354,0.17769816255489973,46.23331665447946
0.2653225641346951,0.319128442089491,0.055340996658190325,0.030074499796531155,0.06021881554200557,45.656020649060345
0.10717099800699803,0.2749282044264191,0.027507482943986323,0.008425361829275745,0.09548044195057664,69.37065508162864
0.04290938216279816,0.27741645822538286,0.01421326424912056,-0.009287994501124,0.16782289771448564,165.34737086660925
0.31739327713579324,0.3792958923523738,0.07533997656175451,0.035429955144265377,0.13313958902602835,52.973233121164796
0.24870429591273668,0.2887498571073841,0.10206167823688095,0.05232033859425081,0.07534035521085977,48.73654882215687
0.1703839005756823,0.19908830065493577,0.11256469550162411,0.09148005091596786,0.05000208078741605,18.731134563724762
0.24302169034319554,0.3865546660850856,0.12820430882300157,0.03534441165588402,0.2610166402950246,72.43118271112058
0.054675857512166415,0.07562727138953085,0.06219279892485811,0.03944414394306108,0.063246479221721,36.57763499160434
0.10840673458458239,0.3960070614782065,0.005382932509278907,0.0071091444764272045,0.0654613894808371,-32.06824466353079
0.1034830757999089,0.1498141254466434,0.034723265574472986,0.013481363100823872,0.014177169653154895,61.17484090916041
0.09830320376186097,0.30254480426117913,0.016572513407405454,-0.0005283590891709926,0.04643359306291182,103.18816510315747
0.14150167805270075,0.202120869634847,0.058091557513587744,0.025062783116503992,0.16572104171325824,56.85641048504897
0.07424803887711406,0.11132300592196354,0.021809885254628965,0.010234783668822793,0.08195330683177916,53.07273032694867
0.12456398669432889,0.1622023734403064,0.08391043081089856,0.03157969061122939,0.11215032056064152,62.36500002914094
0.19039434007160017,0.48178138425318495,0.019121090548970574,0.011688230814005452,0.1292181442293458,38.872572230799285
0.3067922240320473,0.3510061544733959,0.1549337702738717,0.12844946244364971,0.012992979527585321,17.09395426407457
0.08521896513494809,0.17166018020039842,0.07245190897611004,0.0268530284545489,0.13661962486138088,62.93675510550965
0.31840553592202026,0.3764149185593719,0.13139869789705758,0.07323579790143929,0.12785991969613839,44.2644416774854
0.29210527673303754,0.36431679703766784,0.10963582945671979,0.12229358563068647,-0.04438465915016424,-11.545273325964574
0.30122104154266105,0.41441680128276714,0.09905256401182222,0.1821085016052944,-0.05744025995740228,-83.85036613848705
0.14985309191555884,0.2010761113696048,0.10334057017202208,0.06869894227328727,0.07963808046225744,33.52180836729457
0.03610328540526009,0.11579428766310962,0.04455632891614358,0.008850744290297854,0.0834383816672571,80.13583141700198
0.11152482768871441,0.24926157554047734,0.002088584209891684,0.002725767683002374,0.06730191684460402,-30.507913930065328
0.2551553489064763,0.34457560515850083,0.09006065768146262,0.025191258278449483,0.17515060615395517,72.02856505051412
0.07076179597691123,0.14605161579244685,0.02197145705094529,0.011477922330116809,0.1244724536952416,47.75984904641093
0.10429179557626012,0.1830840991850491,0.06214771889101742,0.022084941923564614,0.12024864416249754,64.4637931726941
0.3652449624020909,0.47688861266790905,0.16351572505287676,0.07168022335013943,0.1881944662376771,56.163100932977606
0.28077872239504775,0.40048728481110685,0.0352470751291775,0.024148410320967987,0.07680444448070747,31.488186658137902
0.012899532899314226,0.12003257238828025,0.046503016942758296,-0.021944017011817786,0.12025802900721179,147.18837282929235
0.15525852269424634,0.19701664959461107,0.103191224786779,0.04274730883999783,0.08710433665883169,58.57466666538231
0.3704456102749838,0.4121789470544496,0.007771996286275548,0.004663881662213644,0.061923154970159905,39.99120058189525
0.07331130276235065,0.19413313037845292,0.0850569457194841,0.0017020742305330783,0.18620218760360166,97.99890036476683
0.2287344335297531,0.2617490492427914,0.07017342647305072,0.03262013737040606,0.10549474763896038,53.514971393147746
0.23640251150115,0.29072113698150526,0.10921942564776439,0.09520397732099814,0.04416494649493658,12.832376881349342
0.2007463643859576,0.30791132127669374,0.09961187343462578,0.02798598076274896,0.1649583227671654,71.90497498160613
0.3242375603156211,0.41285365122057205,0.10806090932161859,0.039539109066549984,0.16795780068180388,63.41034948274322
0.18458034103766152,0.2504272655058096,0.002321244290977822,-0.011945845505937566,0.049101299148818445,614.6311205747927
0.04491600699885234,0.33141278175109345,0.07091636373667318,0.020045921798928928,0.19429160687986607,71.73300950206148
0.27072137064891766,0.34078348010241233,0.08728829201874747,0.08301078968621178,0.07456910936024139,4.900430783565997
0.26607141637618237,0.31573268862732373,0.12570173355133268,0.1182351391887703,-0.007379415552160554,5.939929507426614
0.3609404938353691,0.40655686008759817,0.13160995121008562,0.13097242356331007,-0.02196213116145628,0.48440687114751635
0.13422332071757714,0.25117055118886467,0.023252109983715907,0.006878459177439789,0.07458538373804242,70.41791397745425
0.11406784781541246,0.3632552282290873,0.02504080719558048,0.0019405838946295658,0.07120120990298158,92.25031413934585
0.4050247648467902,0.5206161037603914,0.11518999372669533,0.04137462866860787,0.1616873411949618,64.08140383549716
0.0768704654270087,0.39695861388650655,0.05397002415001253,-0.03753939594740807,0.21049210008502808,169.55601102394425
0.2360603447430415,0.43123446300559287,0.01778255278267644,0.02010674129795028,0.04063892142475195,-13.070049861109013
-0.003052525367106096,0.1808699949341619,0.03333571261631923,0.001175828957856891,0.12604566587031202,96.4727648951435
0.06673930158384345,0.2798426666576186,0.017474971719174157,-0.0034616253156942783,0.09963161448849646,119.80904674023627
0.1304076420715906,0.2891975814072997,0.057812435430741604,0.012199532616693234,0.10443022984718506,78.89808217592201
0.0623567524362898,0.360800723899098,0.019758700173654407,0.0005862077108723003,0.1376923222360181,97.03316662675043
0.24625174619509438,0.32460466116390674,0.0825614620012622,0.06639588634908458,0.027619705373315595,19.580050135171394
0.08856558914761303,0.3639710035060062,0.08746505733928996,0.007026116106917994,0.19638627303338974,91.96694506280075
0.09819530461621906,0.5042978545067864,0.02908340121285729,0.005177796369188428,0.1070957337715882,82.196730254165
0.07041385342834117,0.11632078442261562,0.039645655790144965,0.0017941077551358667,0.12050887463607717,95.47464225429249
0.05162305196855255,0.2369403838815215,0.061437870862949016,0.002601075262665082,0.11023510444480669,95.76633235147851
0.3605639551978993,0.4560195896949061,0.16013250591877698,0.13804815317235947,0.12195875242105764,13.791299036823432
0.039556062509948364,0.30394751494680894,0.008664805268152286,-0.005716801371228423,0.17076603000197638,165.97726312720118
0.1994999311180955,0.29187252002675834,0.0629471876753421,0.01912536524361163,0.13696324823234873,69.61680743824003
0.17010222267277508,0.2306721435703717,0.05920560908020879,0.025307812649405084,0.13824407857547916,57.254366532874734
0.2317543570404914,0.3326456851744597,0.05095575616219175,0.0028363677723113444,0.10404362836403006,94.43366562300987
0.09803453364011194,0.14337157682651114,0.03146982404202693,0.008241432035937088,0.07815217843818656,73.81163610914723
0.07048630599574679,0.14467671953648098,0.06960666608318841,0.04583673511743884,0.06009906537064374,34.14892897950553
0.04919280877525667,0.05378493303836418,0.006244783337677216,0.015489748357828065,0.021039531817646815,-148.04300678251502
0.1955841142013659,0.2662311743865119,0.07212650054706941,0.027074178129731053,0.06783492461036719,62.46292565925534
0.1705104852470326,0.1992497498314184,0.1017261987460952,0.01505904168419716,0.14569840619737173,85.19649621255978
0.10767579409436545,0.22940623770979907,0.02089808117915811,-0.01887507444305786,0.07431004084774862,190.3196531836721
0.1460082741073523,0.2533385660404982,0.09610604839190523,0.04037015358464256,0.10562605220484082,57.99415930616617
0.13258810503542606,0.1926721431529993,0.051882140253589275,0.01922880068242033,0.16606561454186702,62.937533824869426
0.129835539041658,0.25294706832214153,0.0845442763297697,0.059232671202559976,0.018408727787774595,29.938874902045864
0.11479889895675865,0.13703236781277683,0.04439491497139022,0.01357065668841553,0.14431187699270567,69.43195702219279
0.0907691443246158,0.2709174436340821,0.006301687635658976,0.007059276265210955,0.03794326881707791,-12.021995905748462
0.12514328457062873,0.25821139873451115,0.09444351581027165,0.028550312427680934,0.20619895280773454,69.76996018971182
0.0009594788837377077,0.22366064677236197,0.022527901208094267,-0.022348470690164154,0.1526500467018079,199.20351871098566
0.04456407064000523,0.15754749430434645,0.047417866829402466,0.016288002990437943,0.1199051919669389,65.65007226276526
0.0907493947578184,0.43532953371269245,0.021863448208409318,-0.05117422605744594,0.2460063581712213,334.0629235134229
0.17745596064394697,0.1922302367081543,0.11401150829295312,0.06898040025709062,0.14742878705183243,39.49698474311457
0.2953459762897187,0.35780649122430963,0.06594214205891147,0.06221061800148972,0.03134872252022079,5.658785021099367
0.17114884256753415,0.23518006105595035,0.052448654125697027,0.031960459665446965,0.15089345017346747,39.06333689926267
0.09438418133300064,0.12771239077967678,0.049205457066370334,0.03883217349321331,0.11236511141793794,21.081571418318738
0.2953937909470682,0.42977023860878694,0.1325071016523617,0.07699438939177367,0.19515090908594795,41.89414119571351
0.3461098342740332,0.46216126712582795,0.12039759269681571,0.31244712965397065,-0.22491683537248922,-159.51277152257734
0.2105107015112906,0.2858303297234379,0.0397852710430963,0.012686523585164585,0.053733403803357484,68.1125118604263
0.08204452012530739,0.1762323642494612,0.05606581260422135,0.0024697260983533465,0.13681579232079832,95.59495174753359
0.4211544950973918,0.5259863327111162,0.20525265363518333,0.0984987470313443,0.1801791228220102,52.01097511439913
0.2002710921837737,0.2652877829431639,0.10466613159802338,0.08158171366225556,-0.01030456808787647,22.055289121054866
0.0963825738699251,0.18508193227404945,0.033543430520232724,0.011845209889763892,0.20810099346113958,64.68694553283959
0.1432016368307747,0.22049010272632352,-0.004382827438155359,-0.00448049808189409,0.04550983749740337,-2.228484810705632
0.18239091338105373,0.2379910855717695,0.10285453662165969,0.026478858123037102,0.15766893274967303,74.25601340227026
0.08179222945234932,0.2396712346634281,0.02037934191822725,-0.003875255163545442,0.14786844822322703,119.01560501362127
0.49902001987252453,0.5646277351312579,0.1370130178853297,0.14363980632595796,0.0077227723461308975,-4.8366122744441755
0.07431598780165305,0.26133808205160924,0.017141548512673983,0.010555443125995717,0.09263636196301046,38.42188109089843
-0.036556524296719406,0.14584929470947272,0.008571597040631394,-0.0261609095732278,0.16700023006718578,405.20461297024247
0.16022337751810378,0.2965931694113274,0.0739596053222407,0.03399217193611559,0.12575652032470483,54.039543899656714
0.2252021316363193,0.296946750337742,0.1206196227785268,0.05628863616819576,0.11599044921251933,53.3337653761785
0.07237560441417323,0.11180627565568979,0.04327984854371282,0.022088060153745568,0.12229283492299575,48.96456226865827
0.025429621965728177,0.1937485716763827,0.017325847844251632,-0.025777199716728254,0.08609494888542332,248.77886466768558
0.03258077919109292,0.14192649184414097,0.04919201796792437,0.011296046564768365,0.10716689813447937,77.0368303001232
0.39792706676345624,0.44000497870448163,0.13820871145490193,0.09358899913134115,0.05502539769678823,32.284298040156735
0.07975343656890999,0.17473072948253732,0.08736411051700887,-0.0009565965745747633,0.11926875029418219,101.09495371602111
0.11016041282139755,0.21835618304752624,0.07631832972250817,0.011245753601518187,0.14858283964123636,85.26467541623684
0.15353417119786616,0.19772008767401972,0.07200705643960822,0.02634182481599686,0.13231823027340833,63.41771748704996
0.13783454576193332,0.38761025820989525,0.06206497889564553,0.018072602167265243,0.318801799290118,70.88115957043657
0.14419392230154893,0.38035152562537033,0.06501895509851145,0.009660555705628186,0.39507848404949397,85.14193946828075
0.06623212412725699,0.16596608050030948,0.022613864902330253,0.012235991862249659,-0.004844782149497788,45.891638094164094
0.051423494939985104,0.11481890336847445,0.0723234087070906,0.011276493275633242,0.16067261552706058,84.40823866405
-0.016800215646688432,0.32896644569140354,0.01121806329076364,0.003348239711641226,0.10068102349325964,70.15313940688863
0.17927579064946042,0.23957102744647163,0.058533720090911054,0.04434617690192341,0.07477681842727844,24.238239372027614
0.015076667785172582,0.497251080570837,0.007848749778224254,-0.06661518570958935,0.2877560421141763,948.7362649069028
0.3034399203218713,0.37149342628220505,0.017431806333705033,0.009673667295751708,0.025926687900759342,44.505651849474035
0.14126314605759338,0.15700510223475983,0.05307162168995472,0.026897627964642224,0.1358959874612482,49.31824747738329
0.1999849013566859,0.40586367703022586,0.022873164480132255,0.012349446815055938,0.10815714077841727,46.00901494944992
0.14084214770145043,0.18340711401582677,0.04198189426736846,0.027653744336216115,0.08233293022821545,34.129355478581346
0.4833094112706341,0.5579188072741723,0.12146732536121671,0.07545073738181861,0.08225061912261802,37.883922974804165
0.10634229520411476,0.3121966533796926,0.018792774475458403,-0.011256546051090527,0.1908348596723628,159.8982660372502
0.2387130028846992,0.31113139243075383,0.07211205844293189,0.01613098509589992,0.053233929627895825,77.63066892804666
0.09974578383515353,0.17215142426926433,0.05110613199947749,0.01839600644785218,0.11586338141669932,64.00430686470216
0.2273159651431873,0.33816685619680775,0.1128339425107509,-0.0003631014613813231,0.27108619973098824,100.32180162573574
0.1167733062622387,0.1678347477797122,0.0519825407009695,0.0033413972837456826,0.13088549588205448,93.5720777809474
0.36128092055456795,0.4293578238620359,0.1387971480257707,0.08498326762947167,0.038577930405624135,38.77160385623148
0.18240293880553016,0.22949005428812375,0.08414456860279537,0.022958607689198315,0.14378630555271218,72.71528267311646
0.3297645921417961,0.3627540507585816,0.14293557195181206,0.1519673443007622,0.02001278744157118,-6.31877161550452
0.24981643539587006,0.3003336794291468,0.1404730760914089,0.05215827411492666,0.10892328373060396,62.869557949321106
0.2518071661278084,0.38979038406264754,0.07771077467135777,0.041537054223432235,0.0759007791559749,46.54916979132658
0.013441294534580983,0.24663500550141904,0.02527244124745915,-0.020252532214935046,0.15411330209711474,180.1368257883326
0.3879457469708587,0.43187009018376843,0.11318703830466989,0.04824412745284608,0.10166228803483979,57.376632364047275
0.11754464701427725,0.23927438266445822,0.05773139273763353,0.00886716885586503,0.15982768120561297,84.6406462145079
0.18295380305573605,0.22071107125714406,0.05008527606362351,0.002688864636750724,0.09512509162859835,94.6314269420517
0.11651628037110662,0.22765189801306007,0.07074394686809334,-0.010580173011146263,0.14662966273601638,114.95558769271621
0.13282490755364562,0.18030169815597719,0.09301229546981225,0.1165741158735148,0.05511512142374908,-25.33194163705989
0.02622674151585891,0.37015097133506325,0.02506846921747982,-0.031693196021684446,0.20742995221652324,226.42653106072115
0.3102459105211893,0.4023504209278267,0.11052020167083007,0.05609662825007562,0.08413263909179265,49.24309999256781
0.22787940260243966,0.23773266400992,0.11503644237334044,0.18316687658517736,-0.14833422472771846,-59.22508798622762
0.14529701745506585,0.2707121186194883,0.010727455058108914,0.008189378437762141,0.08991542062580755,23.659634149930397
0.13097806823404146,0.38479720510633864,0.019801359829459114,0.01192249788257858,0.18369265890155606,39.78949938154702
0.1791790673656357,0.2831394941781723,0.042996293413844186,0.008377614907242469,0.05494203018637109,80.5154950762686
0.11634701894183075,0.19374919081393904,0.058932539938578596,0.02705064515982991,0.1235294963071001,54.098966058440766
0.1231568978012324,0.2995808443823419,0.022180637652068985,0.009469294213368493,0.077511473117759,57.308286795419484
0.11283751653055407,0.1274656004895175,0.02799182059513953,0.016108713796319587,0.048377341954045534,42.452068304850854
0.06736517986586166,0.15170300444557372,0.04392837808056249,0.010390617380529578,0.1318397782666872,76.34645795145522
0.34662388773749453,0.5023522544305444,0.028724371412101022,0.015708879366768427,0.07778622223161748,45.31166882158271
0.22191317706268376,0.2824446018495125,0.04366357667575162,0.02484633559753884,0.18918890889294215,43.09596810621072
0.10198575066850835,0.21234319488527886,0.007729360435234783,0.01395338755197282,-0.003434158582982752,-80.52447765749687
0.11964067500316578,0.19084171749521983,0.10106053252520508,0.01993533154185936,0.15287852575298258,80.27387047768883
0.14991777668350026,0.29507392675537203,0.06515238221877316,0.03856499219891946,0.27730191417588873,40.80800903116133
0.24800147061968725,0.2732685133072662,0.09841786079225873,0.11023306865378399,-0.014632923935808312,-12.005145983069989
0.13343295504519015,0.34850481445450554,0.01555833970616197,0.00611771185873137,0.0205320132753542,60.67889007264435
-0.007642169692050782,0.1395745626392153,0.026531667096270008,-0.0017989023197121875,0.18963345836922535,106.7802083946888
0.03803191293092567,0.320689252733381,0.020500356402093935,-0.04542260684596353,0.22967815667766436,321.5698398361699
0.005848663621812467,0.28469280395028473,0.02191344450345096,-0.00499857449858305,0.11941068651478012,122.81053760304943
0.044412108875322875,0.304202178882477,0.027177179124528397,-0.007136074167698398,0.14668039537920768,126.25759698973992
0.12368498651690862,0.1971015202400801,0.04468668821381598,0.020994823942167465,0.1346786337323536,53.01772232099222
0.10662650880878966,0.16558447043506042,0.04882821749858804,0.030321136047200856,0.11388430261997037,37.902431011171664
0.2890507782434967,0.3196367414440239,0.06937899226782482,0.02974672257279426,0.07105668894540323,57.12430866974471
0.3021281196149612,0.3506830020048578,0.10616117447163456,0.08175648836483157,0.09885681739834597,22.988334697939624
0.04828190240781183,0.3811826214753815,0.031339473017362424,-0.01076335070142745,0.18804904733030364,134.34438956731796
0.15238127864516782,0.3297044026909488,0.015588293390045799,-0.0026793391811835363,0.07242436356010659,117.18814955647727
0.006347716504709444,0.10747949308131077,0.04885981859746703,-0.017851182932967204,0.14580286072031667,136.53550800103181
0.07114600991261055,0.12138851513137072,0.03250181577973037,0.03332061546435927,0.035027637779242254,-2.5192428945448193
0.02483312174440977,0.14656785868072086,0.06881878532243935,0.009202773268942555,0.14652252501577084,86.62752731565307
0.07615795680695536,0.14702740755814792,0.026670078367721572,-0.001363158489026489,0.09190012040284107,105.11119041433452
0.13305041288267228,0.31847259712474385,0.022084171503868356,-0.01239789251927019,0.06494037592776161,156.13926932734842
0.18029729197630906,0.24602624181814847,0.025676209440643118,0.008618401276568106,0.006494901107948953,66.43429281689082
0.21786612350566958,0.28521527419040926,0.0859178814129048,0.15646713098295084,-0.045090803482790015,-82.112417589768
0.09532083446084416,0.18814968408135513,0.00874976169855048,0.014529055089855115,-0.006758805369052823,-66.05086618829924
0.04644548746890642,0.12986117653708418,0.05257257881100966,0.01461561004393144,0.06317609532489168,72.199176120935
0.0255368652056146,0.260390964664006,0.00915713215452801,0.0058382536529092526,0.2102743867037853,36.24364534236455
0.11424217619683419,0.47117957048123427,0.0049379495908540225,0.008119811544594594,0.0492511551197674,-64.43690635550344
0.22621546898240108,0.3127975433276775,0.08252446963670537,0.02435435542175201,0.10542282379843951,70.4883223982337
0.39603666925680137,0.6748503954280644,0.05290809805341393,0.03219221720381484,0.10624329258984082,39.15446143742523
0.021416408646639074,0.3844232467893509,0.021985560951762226,-0.02030650298910986,0.1402166422357082,192.3629059711675
0.2147596530669349,0.3012147885101101,0.09026079820200464,0.03275316859721256,0.25955265151606033,63.712742132070865
0.18230251850002221,0.6351055039155435,0.02506537973473106,0.011055800219788218,0.16161701563810432,55.892149503447996
0.07283028888982968,0.17429837286040484,0.0084366519962275,-0.002237213535076478,0.014619523642242657,126.51778852650153
0.22163278795445085,0.2692615774628685,0.05564874992634601,0.030002760590970786,0.04310409633669004,46.08547248468117
0.023930646407321343,0.10457188970844744,0.0029338802946409343,0.005306033125155869,-0.0008850001393256035,-80.85377017078514
0.09222407034642965,0.29593304005303067,0.033080980697166334,0.019684315540945192,0.16765936865315484,40.49657801519977
0.08680393906407813,0.16623103144462137,0.1107616885866089,0.035055708711158234,0.11149127895675826,68.3503301922426
0.046850524003276606,0.20952350974933098,0.02540071530187629,-0.01074276569559857,0.09048520477474062,142.29316209376603
0.07258131894686826,0.16737216370547237,0.06250165107884059,0.010926358242464207,0.12635832535752858,82.51828863099709
0.14796412765207578,0.45524079657316807,0.07072030369836069,0.04682823912350691,0.35927738991127245,33.78388288144131
0.06763408180141195,0.22637451238577133,0.01897226944613458,0.007935363862947683,0.1279698705866586,58.173881698879
0.06839691236730738,0.3215131106988247,0.04130100452031187,0.006523443758042537,0.30216929949455906,84.20512083468988
0.09984846986390783,0.28532744628795115,0.015379520420478535,-0.0012310597527232263,0.149749582848134,108.00453927733673
0.3246216848777195,0.44268884969228717,0.10722474803599058,0.04611832712591668,0.26177291149183346,56.98910189051056
0.11947935078976013,0.36825236838429454,0.01897801814389359,0.008412081254641546,0.015548685083355565,55.67460632158666
0.011893180857971308,0.13567725775258632,0.04303778323575548,0.011776698687909284,0.10571746839406507,72.63637250227775
0.1656604845465629,0.28889900325859685,0.07130372496860746,-0.011552280560233552,0.0894544375343011,116.20151060175274
0.04343435651974603,0.10543349723821827,0.03225577926109927,0.005684741475835413,0.1317834225395499,82.37605289328336
0.10326096165988852,0.33133149784839955,0.015382930087396676,0.003765811916342828,0.03017651635811306,75.51954084853976
0.1100107756808455,0.28130962985157937,0.05093609102734902,0.028766249364424,0.29858492232665756,43.52481946645928
0.37631490517754707,0.45495595249204346,0.09605462375922778,0.05854314965138849,0.06988316892785033,39.05223157384513
0.15779623000078025,0.2836415156689345,0.05527006592958972,0.01684172494571436,0.20558235462068214,69.52830675619319
0.3433111069938657,0.42893618388985777,0.072958993329231,0.05268564101241426,0.11241024290625148,27.78732462128727
0.18913585754077789,0.48594730092908756,0.016810462578940394,0.005789153728486594,0.12922499298502563,65.56219853379253
0.2910362292039995,0.35534060833891046,0.04447842400259416,0.02035435853101601,0.0517511372209802,54.23768043168782
0.2869319693891622,0.357039689168711,0.11345930627090958,0.11690553876723198,0.1100728928672349,-3.037417211148585
0.17922459939747715,0.4888121322407418,0.03241716265214232,0.017371002493549267,0.09346998349130045,46.41417979743736
0.12978836804716976,0.25386659789788735,0.02278551075248471,0.0029443827401540463,0.048799213774670634,87.07782865989535
0.1989493290094977,0.5851694125610982,0.03821280564441421,0.017043507278148934,0.170331241320068,55.39844041616379
0.09988298808700635,0.44085616392660676,0.013348863622545093,-0.018948717259154337,0.23512769991946392,241.95004005548134
0.040035352839995264,0.28338695224080057,0.043823172298379905,-0.005638230164432288,0.17990162219819014,112.86586494935405
0.2270890663704992,0.31843746983457955,0.12156386462588267,0.03261282843848629,0.17134023572206944,73.17226748355404
0.1406836663572314,0.18920302279656642,0.09325622153397319,0.13503975977324048,-0.08511617938797729,-44.80509455773476
0.11393711027741849,0.2003324708377372,0.01865920645613322,0.002599780611145259,0.07297734962054489,86.0670355019802
0.13291255613603237,0.19560204402342618,0.06581434250297136,0.015571357077621525,0.07766249651052304,76.34048068334266
0.19133852542093444,0.2625237921892236,0.09457003048458289,0.033647924760127304,0.09566500489445426,64.42009737364661
0.06485893418266675,0.3474967186258059,0.011954229245197952,0.004969395128732967,0.11843218106861043,58.429815701173816
0.11733766512144994,0.12747619745150596,0.05983040953296127,0.023020424825406543,0.0996496930272584,61.523872216311126
0.3046948493871099,0.44860215200815345,0.05617980613132061,0.011409797584103296,-0.01702720588608187,79.69057145296509
0.12248122356878177,0.44327687741424526,0.022625224810658394,0.015660211933502373,0.014608410739121946,30.784281417946
0.142526713635164,0.21237838065241121,0.031683120547311046,0.012989046009272014,0.10580788460618473,59.00326172140768
0.20020218715748284,0.26141502868202926,0.09890830153888659,0.06780536942465044,0.2146525162864621,31.446230124584417
0.20335573569531673,0.3063814127957297,0.09900959838646059,0.04394995344326461,0.17569791822895028,55.61041135454732
0.3111202085478437,0.3843671307735179,0.11168382314018606,0.15493729056244465,-0.04430955650761137,-38.72849818900508
0.00960702195940466,0.09897657399872317,-0.0037842791297923646,0.005531681596727665,-0.008439578645738582,246.17530596986322
0.3075017232363455,0.4898224787541069,0.11103105222982503,0.026019232117939203,0.16844944658501027,76.56580605569552
0.19160545948178875,0.27594219057086944,0.10712401645651629,0.02766357794168297,0.0995229638549269,74.17611955120059
0.16532878120871908,0.2646635666888817,0.05267287575821188,0.02816208812081916,0.08733715879468751,46.53398411339143
0.4436933473809178,0.5207781024761956,0.12661145823818976,0.09930888413276054,0.04831106130922546,21.56406259381819
0.15715687474404727,0.1887228588419536,0.06336801947922724,0.03522186716147529,0.1084281190344881,44.41696702700103
0.13336753626802944,0.16955111303322756,0.06220097002889846,0.02310268888486448,0.10833696320555172,62.85799260987246
0.20618944569836695,0.28679130140397047,0.04030639342570503,0.01659563432571229,0.039607696085261726,58.8262979760214
0.2693322649387827,0.30031531299315695,0.1307533121751108,0.08310909139786696,0.07497689767878327,36.43825153234859
0.1842457545799292,0.3749067173686198,0.07329397825666982,0.034793210155154,0.3285161781494245,52.52923775905454
0.3427841379824724,0.3772120522791236,0.09486916441937293,0.11399667006890385,0.0556860358895439,-20.161983892866406
0.12279522512200347,0.2620977305713412,0.002104326916718087,0.0033749532973724366,-0.010442438029555384,-60.38160566020898
0.12290421213864766,0.12448346370431729,0.07356777804516038,0.05015130319912772,0.0816244844678292,31.829797593802816
0.0595943530595201,0.2692313047775239,0.045507684202980375,-0.10173413908192352,0.2141418311478648,323.5537599060266
0.2327900880418896,0.30550167813929474,0.10942010674444799,0.0970371893576694,0.08926704038552537,11.316857344783116
0.1343183976747664,0.2259514086562575,0.11767852162379537,0.0281676181153131,0.06337144766813918,76.063925917287
0.08682575753860378,0.13942698345730054,0.0796666880167052,0.010566652076069601,0.10895375760544253,86.73642354273106
0.19047213727585754,0.3044836254228579,0.07881236090979545,0.0647478571384196,0.05037682648551292,17.84555570854342
0.20819559644285834,0.2989795290833075,0.007790822284615237,0.004342618329296979,0.06423246239736757,44.25982045730303
0.26470447131879826,0.304752010543201,0.10692082862851116,0.07673549821730874,0.09925330310875818,28.231478186611525
0.19696422861591834,0.30434560262664523,0.08953568825053627,0.0708904921652076,0.0548199545088594,20.824317598538148
0.1558807330115558,0.3544565026154325,0.015867373827907805,0.025729927772656844,0.035630754912896585,-62.15618319524692
0.33886488324511355,0.47570875947253277,0.08479756061461095,0.03518234177263513,0.08946994836175418,58.51019590937021
0.09674522160394672,0.15013181852130908,-0.02063853654922298,-0.016287028019769344,0.05165064228047006,21.084385121373657
0.27295194337948714,0.3612892792509539,0.06453218466344449,0.032239955245311876,0.11612984560097184,50.04050240441522
0.27065713241253075,0.48984533321785173,0.1256723909393965,0.06148214578439634,0.36316105333655163,51.07744403936333
0.15243673600379737,0.26510122607560926,0.06268563468014317,0.03360333848987622,0.06772455453585373,46.39387690443103
0.031194638260077956,0.37754283354901585,0.03179088786909332,-0.01104721046142497,0.1999772955901603,134.74961286678916
0.2687559969574794,0.34203833782539017,0.0551061006588965,0.02878650135741421,0.0064859092625061225,47.761679717458236
-0.05153066022241104,0.06715928517283254,0.0022836524703348004,-0.034261680262812316,0.10425604280118855,1600.3018501229874
0.0860937760197964,0.38188457829823663,0.026392789216492168,0.003390374975110865,0.11015795080091746,87.15416189133846
0.0337538122034895,0.3098281988490553,0.015026546733561349,-0.011735164302077996,0.13789391003748713,178.09621538572037
0.31305803950808675,0.4457631118550982,0.11210178306521568,0.034707048766259824,0.2739154610874302,69.03969962184378
0.27310130587576886,0.39476064055966886,0.035910061739419734,0.0323652661723353,0.003890501126242729,9.871315713147842
0.09680028732893486,0.2991390149596631,0.043931595128302844,0.00983182682305499,0.1934256802437237,77.62014606039003
0.04463763112128105,0.21574105006298383,0.052434975639187635,0.00015985117760864212,0.15548809633586297,99.69514398422037
0.08043066163949308,0.22468877471448745,0.004370761348892475,-0.01757996344745885,0.09308193702655305,502.21741806867374
0.13671021130694339,0.1978103792128132,0.04464271629588586,0.02164132055270849,0.10916856993413608,51.5232890192596
0.15002024622223054,0.22616931429196785,0.11455834218224745,0.05126210012693514,0.09204005129791258,55.25240750657531
0.3332492925273922,0.3307605109940839,0.1401031217929595,0.11108566972436941,0.07611241518773203,20.711495716327633
0.24596067697858537,0.2965327485468269,-0.00361224196829403,-0.001238767759374381,-0.01935158069056299,65.70640144687152
0.22860676611675068,0.3150543978988207,0.058563377948626136,0.01614003769715092,0.1171540081142156,72.44004997234018
0.15828937523691478,0.24299590474834964,0.0492621374430154,0.02807214483995716,0.04425139984632316,43.01476489437761
0.06104646639213884,0.3006813344934517,0.039550585678904654,-0.013844534607579836,0.137944140282564,135.00462602495463
0.08671943471443189,0.2509642551138007,0.021826546694486137,-0.0059097763357433275,0.05060487125174972,127.07609416397632
0.09270896624631497,0.2488975561533896,0.00372766905188833,0.003065541698081222,0.05449531893267367,17.762503714531558
0.18675927029718742,0.2856626584711567,0.040914663637934084,0.02623874978772717,0.10483684565090756,35.869569844392224
0.039220704510536275,0.4585584385491851,0.030497191162660184,0.022409503015191186,0.1933736575878639,26.5194525762468
0.0728088587483825,0.20960462797158497,0.059061974823888044,0.00971949215931445,0.12794495711753098,83.54357065049689
0.16058321738356218,0.2779719485129999,0.09993855719453898,-0.006380242715740423,0.18978763104154936,106.384165326022
0.26263776513881165,0.3271417922293661,0.08406773554170563,0.08511163462440069,-0.043649456465905664,-1.241735697968439
0.02131709142364191,0.3833342599058128,0.02855301199883978,0.00030300990657473317,0.16892416257636733,98.93878128658706
0.16219462911878835,0.3329264172548162,0.020474869596437326,0.004207623032686186,0.12005437798676886,79.44981767591662
0.27591816092274113,0.4062609174449143,0.08696214525795672,0.039558579774075744,0.17987699493258805,54.510575082143255
0.14604399421338932,0.23752063935187495,0.06981346550196424,0.03469425096961113,0.14880993145091642,50.30435644448134
0.11154014116422506,0.3389166054678878,0.017057541345227127,0.009821647943971407,0.09816756209717628,42.420494576613734
-0.01435244385647061,0.13440997436862245,0.027173362389019434,-0.006391380485295554,0.18019790329219504,123.52075681248142
0.24533318786120462,0.2789474643748614,0.06785915163427296,0.04488797633346739,0.0969710168150153,33.85125623822822
0.24472063100212582,0.3102323607950893,0.09293232424242913,0.049270055858890806,0.19289766734294778,46.98286493904766
0.1643876073955084,0.3849653041480323,-0.004301383816029692,0.0023739535724209286,0.028791217978399224,155.19046134813794
0.04201133186068051,0.44666186594694013,0.02117112699739175,-0.014994540570878331,0.23778370363939438,170.82542451672808
0.19830065099414118,0.29027771264027313,0.08809212122305095,0.03818766930332577,0.022299213017473923,56.650301101691205
0.2425005996330677,0.31777624276983985,0.0926764391484973,0.049934785125022106,0.06576741418501021,46.11922341447473
0.12636649124160504,0.4484754457237409,0.024327012152387834,-0.07660193073976469,0.28799362887059665,414.884254013273
0.31998590609896516,0.4644267212391936,0.02338527153336344,0.01631212949951106,0.09741152945573021,30.24614028432908
0.2653755464256631,0.32612615054145844,0.032067752541283794,0.013548384911681654,0.07579089157640329,57.75075009001781
0.0474404234039989,0.28581426285985245,0.004415270200361291,0.0026360722271775855,0.1804837288142745,40.296468674513235
0.12560162527782015,0.18204457244173355,0.07030074394006279,0.07405425438730763,-0.04267099237868642,-5.339218672344376
0.1575731275924871,0.305924546414042,0.04316203534224852,-0.03409494751375547,0.14351132573598768,178.99290949419645
0.1184064594988774,0.2757759948402644,0.07340557336216402,0.003020850604151238,0.153024838367936,95.88471220128322
0.03667520070585406,0.249423167546184,0.060885335765419206,-0.008644902846352357,0.22283009094839257,114.19866169361319
0.061821294132874294,0.1303995565457038,-0.003325849799804618,0.0053022129959380895,0.0235258985283189,259.42430702221054
0.1509110697015661,0.4547954787639944,0.04776218553560633,0.021091833688059405,0.053018888644972166,55.83988996413154
0.21070120735677522,0.28408438535760483,0.11126464821512093,0.05302334606769234,0.15625475174720738,52.3448400563168
0.2486199169650587,0.399701781466842,0.022127530851954604,0.00864852812066309,0.06519846141023514,60.91507824109921
0.05458912392569071,0.11358330519198279,0.03695861161395235,0.010474674640829188,0.13947475000107923,71.65836544337378
0.09123456136561636,0.1407491654747841,0.04222571650756872,0.019200843355895517,0.1439162487544879,54.52808159583539
0.05356683514869032,0.23637076728996098,0.023521402321840287,-0.008157912857315364,0.0812194209363131,134.68293576076672
0.11868192731524341,0.21332239818389775,0.05139311607049359,0.010071749607908641,0.14831271109371807,80.40253174356332
0.19011327972973202,0.3094273218699334,0.05717359449863489,0.03011121612313804,0.16367391433619516,47.333701182882606
0.2216623935817822,0.29949966409769024,0.11913935854258503,0.08280351676045909,0.07844609960638277,30.498604513753612
0.12164507379717038,0.12873571256255267,0.06430380786013551,0.044861536099895856,0.080988234752127,30.235024032367907
0.12679074050645223,0.31861918643570175,0.021268271048169238,0.015595505743402642,0.1389600731525434,26.672432808095625
0.25124874585850265,0.35654943537014805,0.053345972879675255,0.026959745188777612,0.03134018532718401,49.46245473939189
0.026062038111639985,0.12161866999515836,0.059479280349018115,0.0035672388856116052,0.16668636030636003,94.00255204050987
0.1278315266613107,0.2905475983028748,0.08644954402077404,0.009116972799225666,0.2928597372492211,89.45399550397302
0.15873228610674683,0.21055500771470503,0.05148722722008166,0.019681622302114617,0.12803064271737935,61.77377698358912
0.11502201329211359,0.2241375146672786,0.06714064431932217,0.03470634717607095,0.09733966879755498,48.307992084486244
0.08553985528871311,0.3531895144494128,0.03261846506289689,0.001160784606374434,0.17090098800634967,96.4413267021114
0.28727799019173705,0.31075050617814337,0.11154843698432028,0.06984144996358393,0.09979618793269318,37.38912722425582
0.00015124305474123467,0.052880643148551454,0.010109986311275382,-0.015283617506547387,0.05918645075031777,251.1734737909783
0.23037748501897515,0.4490849611171148,0.03210437979666103,0.011911713027533648,0.1477154322173354,62.89692215523657
0.07516402162467894,0.3922809048485887,0.00394304783284419,-0.00012882935587740655,-0.013529849269169142,103.26725318430844
0.1273352542160181,0.25959445042733664,0.09348551816781386,0.030800919705686797,0.18934679698837872,67.05273682026694
0.11200823050764064,0.12450931907050278,0.048882550174198375,0.03798943674607915,0.10179023378325881,22.28425765288515
0.2768776769280157,0.3614021796793879,0.08293691798480689,0.025297108355038782,0.1530784291183936,69.49837422259539
0.31570230106904584,0.4230923966544615,0.08208586015767688,0.04584731296995969,0.10105083147922383,44.147124874012874
0.07205185230717848,0.1103304196619147,0.04229376436459972,0.008862394899334564,0.03598670782675838,79.04562284185688
0.20488835063242772,0.2770774958879346,0.09717942028624801,0.07213591531831161,0.05904657083678097,25.770379051623486
0.1675745931459437,0.2530924261256924,0.00759906482685027,-0.0006764937677208984,0.016059177623788286,108.90232920938641
0.20113993637337169,0.2200979736184876,0.09496644836546729,0.07619227959598804,0.09784824553258627,19.769264927365775
0.19849401264145106,0.2689949478907806,0.0852197377527146,0.040039994540494526,0.15691942518014101,53.01558582979905
0.14381516073229972,0.1616737570885043,0.07881641563146743,0.03512059616012521,0.10945711725010854,55.43999828114067
0.19252215614774337,0.36305746505564285,0.029407744376019205,0.011708196348803449,0.06444982111087046,60.186690284376255
0.144258457356764,0.2059037892694522,0.03570569235771087,0.02448455100138696,0.049148898366352,31.426757515039856
0.01807051828693018,0.1723955395318041,0.013230389170169164,-0.015734308846897117,0.043672073809038744,218.92551794601474
0.3262618756834734,0.3587233693173181,0.14450778285497745,0.2136934230201097,0.016693176240425975,-47.87675708412491
0.09043346024560273,0.1353076383956493,0.07011626710939524,0.04277182881430401,0.09608088469923767,38.99870803508193
0.26860385404402,0.3533010796871543,0.07666402998125019,0.028106862173262692,0.058356273780922535,63.33761454995671
0.1778905745138497,0.33673775200542344,0.009697205706340917,-0.0037523272304313088,0.07318657276187035,138.6949327885011
0.2894199622888166,0.3479874240800881,0.16916991427042521,0.06106440792691935,0.06611281307430306,63.90350601626166
0.3132905404905103,0.4183498393445634,0.10414679156404706,0.028041877763540977,0.28770545275768683,73.07465996559665
0.1423117176092099,0.2076837191817147,0.035510849387312915,0.029141510542380587,0.036206616056103126,17.93631792769205
0.05437303345584377,0.10432083531992253,0.04303337178812656,0.01132135659729807,0.12520478320690212,73.69168130018161
0.37502200189018886,0.43813327285758985,0.09012118439659536,0.07148876839804671,0.0881019792671065,20.674845901439962
0.04498220606561587,0.14531599613360024,0.04290322137446555,0.02437438095004161,0.03416349600059998,43.18752725512503
0.19093789455446852,0.2792274335802798,0.07192057130673532,0.023660744515224694,0.10539726844980063,67.10156206307988
0.15689673988389985,0.2303384289123528,0.061256432512592815,0.039198045991613896,0.11266300618893056,36.009910496247485
0.06780055077947766,0.18181760541899827,0.059204772796812084,-0.00527360913111938,0.14527331060574442,108.90740540330785
0.13576221766531427,0.23248543302450386,0.1038595736807906,-0.020450956127948918,0.17793901315577257,119.69096868316092
0.021439705021967237,0.14766239844637408,-0.0005878498903811365,0.0019515553859927716,-0.03799506719734711,431.98192564558735
0.08773523046228937,0.1057848206311458,0.04134342401760209,0.023074242093767832,0.14445333214565487,44.1888458876945
0.11388326036808971,0.22191943320977792,0.07254781749326118,0.011595519483386265,0.12726370065725964,84.01672182011079
0.1868811231878006,0.3416167406702333,0.08582135981498032,0.028683054999177764,0.26117868024411695,66.57818629183375
0.021088660149260918,0.08718878945851327,-0.0051102981003922155,-0.0014390622580096302,-0.03716195776655713,71.83995473964264
0.19032011417524053,0.412074389237858,0.03397978215626486,0.02833098781313872,0.10621035001049331,16.62398633737171
0.246054595504553,0.4061733591484785,0.01661700545400444,0.007140650974518969,0.06278513945423622,57.02805180943006
0.13584706937296664,0.274792845590642,0.054786002494958366,0.0534856804538675,0.042247693982820494,2.373456689435458
0.15867707840756073,0.41879106089510776,0.013608388801028756,0.007379790617614622,0.06566097937995029,45.77028386301888
0.38139194120044195,0.5040819303381541,0.05784647072119682,0.025750715182775517,0.10874593713871226,55.484379839028584
0.1532758957618343,0.26584005292516044,0.05815833694865177,0.006791958810715335,0.09244704426884409,88.32160758532008
0.20682292780356915,0.2673358214000656,0.061354951191835864,0.02981857998873614,0.1369046439227097,51.399879863804834
0.33550343584004183,0.3572904237354251,0.08950518735683301,0.050162560922584684,0.10335344319507493,43.95569418496371
0.08165577433286708,0.2601977362110488,0.013150249736099753,0.0025167349893783506,0.11505423363738193,80.86169434129096
0.17267170745788385,0.3389035118767454,-0.0049139983714706695,-0.04130094240210018,0.07568583804491102,-740.4752968963554
0.16613527809266415,0.18712558152508973,0.04720522621275071,0.02946285854623112,0.06322407156302809,37.585600345512496
0.12040392101734909,0.2576716216983017,0.08611075128846475,-0.0009113889627549252,0.2931309168608211,101.058391605134
0.14342562203281672,0.2289712095848937,0.04501209233158181,0.004051815502924358,0.12501894258010662,90.99838444950163
0.15745250244438436,0.27546485227904627,0.09984768615156994,0.022652087741684417,0.12757813417757874,77.31335735983076
0.031037812997806502,0.14099257643949092,0.03312804966136106,-9.139247543320239e-05,0.12312531075535171,100.27587641399789
-0.03577511157608981,0.2591101410968162,0.020094896297017856,-0.009418845448291427,0.1160590604244096,146.87182909069907
0.07379488621250763,0.2031248950174943,0.08155552863386109,0.02067732340261961,0.08757452354597701,74.6463253331981
0.11099731182370387,0.23994241306702657,0.04859776966581441,0.0050454220090553475,0.1692864873314509,89.61799678513951
0.3221966194326963,0.3526003719223051,0.09290182075106207,0.04697613458522436,0.16025728964511726,49.434645946175046
0.23652021917969313,0.3606741376574045,0.04741283779176932,0.017156824907720407,0.10053650655485753,63.8139674679022
0.18194491968745463,0.30654317366121786,0.04446474158808646,0.017556754229344825,0.09359415914172967,60.51533506707965
0.0938401935641674,0.26715413249875486,0.03151186874780038,-0.004449532856728701,0.08073568718073354,114.12018085103026
0.25404681851979893,0.4271318880261652,0.09178172743766627,0.04816817334385865,0.25621404951545595,47.51877667962596
0.01433914364918687,0.21260173352954514,0.017410447214610027,0.00239748610435024,0.09091684115564704,86.22961217022396
0.26233462266279106,0.31191162084524915,0.10974053588138073,0.08431565425088797,0.0674418994248307,23.168177033484408
0.07515456103193563,0.2761094016430725,0.06952996625134875,0.0036455318434456038,0.17063223157188562,94.75689110754475
0.24683292437975002,0.3286738166684422,0.09611785479454327,0.07789644230889571,0.09651421957223992,18.957364918928683
0.12512879758997464,0.19818305237346867,0.06711632661625544,0.02317492182300141,0.1363271961880061,65.4705151616738
0.0656618467632295,0.11415921354385439,0.061056220414238506,0.022790282306576464,0.13528539175787146,62.67328348863583
0.06208783599169709,0.2024707760340615,0.09094377270224197,0.014817940862278627,0.1508262266240435,83.70648102449644
0.23866074239253643,0.32062085872331303,0.03590519519708531,0.026019455798766904,0.06768677894148725,27.532894178837115
0.2715549198427627,0.3609471193836402,0.0791305791142024,0.04262357155274334,0.10609841189214436,46.135145186757214
0.08768185977103982,0.3198956812868051,0.03756477337231466,0.009381445436023417,0.17340015845097467,75.0259495963376
0.18623417503030337,0.22215760252826233,0.08351333575255726,0.01924035984983472,0.11449306689725923,76.9613323711051
0.40182047166120693,0.4341122880879239,0.17460213247919204,0.12693724558014063,0.012744828859253075,27.299143614257865
0.051215799145530316,0.20480189518955894,0.005038108026127391,0.0028949146194395554,0.010362634116297474,42.539647732310144
0.11877994140228709,0.22515022357152148,0.06543952233411879,0.015706496823272464,0.20004707754975315,75.99845435442087
0.1216657324073791,0.22710480022263024,0.05113670880807334,0.002965409691445011,0.1786949956335091,94.20101574668249
0.00778096917410076,0.320273625856214,0.020540796893318843,-0.014464170559906644,0.16143545166997839,170.4167936376962
0.04197668980287006,0.40250382727790057,0.06276330777995111,-0.04029452747431285,0.30277078251758605,164.2007709593413
0.039050576788934976,0.0935523580165033,-0.00031382848704661375,0.008234311051110046,-0.022073751939735868,2723.8252392578315
0.1339252851342928,0.24684823925895727,0.010643262729207502,-0.00010763633842713304,0.03382986297397433,101.01130960651525
0.08288107134503009,0.2614862761260973,0.017506370317478242,-0.0013318450794167782,0.13988068808764972,107.60777394322038
0.12244330666967651,0.32760294811221324,0.05695825967172184,-0.0473284294285177,0.23356219116256322,183.09318034170013
0.08189768018449384,0.1443793156104276,0.0713682292294518,0.0973318397594456,-0.038731395851743296,-36.37978805179504
0.09778799617830503,0.525490718178141,0.020175347965318696,0.011579639761629458,0.16854148095680802,42.60500596304564
0.25122307361564933,0.4778586793003985,0.036147656569161704,0.017121903189281678,0.13506666610651377,52.63343515361182
0.3029041072007257,0.42144128413010185,0.09763316992631951,0.03533680239454082,0.04422011361952312,63.8065603921205
0.13768172492033182,0.44944190481096524,0.014878172999460738,0.014226078164725767,0.08212966427811799,4.3828959023302545
0.13708953232974497,0.16882231648910628,0.03815578782206602,0.0206838763659965,0.11225954398832447,45.79098599024412
0.19671985923712465,0.36011746890873675,0.0746547326272927,0.014437467157959207,0.1647519116256052,80.66101551788148
0.10689487870361136,0.2373428219243936,0.057763600837351305,0.013314874604580028,0.24790278147265865,76.9493687866316
0.11010332570806847,0.22334775585530697,0.07666904115784878,0.008895979026913936,0.06411680122287736,88.39690846191932
0.1378120243992409,0.2550962863921076,0.07525978167721352,0.02258338330088939,0.17150823508405258,69.99276001390928
0.16518298660365205,0.3165473251757003,0.057191351957621074,0.033674771363628744,0.2933734033720595,41.11911991767247
0.16907415465327258,0.2250631578658665,-0.017361546481097997,-0.0013814816243991274,-0.0075516549824478085,92.04286538700234
0.3278291321374066,0.37415409762595686,0.0624442758361405,0.04077096298921218,0.12609520543322456,34.70824596285026
0.02726648360336792,0.3243613173918175,0.03914021233069204,-0.008342663700473048,0.1721730518729939,121.31481462079626
0.24203964679187717,0.4992500222992391,0.011435788795496872,-0.007219528273312598,0.05180520998023752,163.13100392476179
0.09101262236013152,0.3165616709426041,0.024587944231274115,0.011552483927756442,0.0419699378871694,53.01565751453713
0.13216310783311747,0.1408926091444529,0.053603749362295436,0.020489330353639472,0.11173700714500878,61.7763111771216
0.11392139309626592,0.21981664423138736,0.05665061161728542,0.039139518943451856,0.1925156822433321,30.910685999532124
0.2262457498963295,0.3233363701474241,0.0735666217894605,0.04881467157227059,0.08224998613042026,33.645625713285085
0.33701887597828006,0.3976536047478607,0.1268865858544875,0.05601030313367048,0.21306236321107866,55.85797918946087
0.20143087227577638,0.2366044878696778,0.0627837174334298,0.03000733493923473,0.02886060402801864,52.205227460365336
0.051899789234966076,0.3221131762059456,0.03656682355199932,-0.005845149022709703,0.1803163066090521,115.98484214631794
0.30355770226696,0.38969905682236927,0.06374087553020318,0.09562962574130379,-0.04272354895953419,-50.028729517514
0.06823064630606102,0.3104377797664908,0.007652594590118582,-0.017160573319375046,0.06943018259594809,324.24516439866875
0.1527473703453831,0.32867034886144886,0.030257512022683904,0.026869077006203106,0.06705344628036435,11.198657093618621
0.1395898422089622,0.23831589501724038,0.09502808035575121,0.017891827739402337,0.17544797119554348,81.17206232892245
0.18427723188584288,0.26822747095340804,0.03793403739553408,0.08021674967396297,-0.03573832713083753,-111.4637807664701
0.09617636727457601,0.4423070146681848,0.030139115967592334,0.012089382860242328,0.12377130571363273,59.88806415808058
0.14568168460628417,0.24527953863286744,0.05575909223719937,0.025614687389173336,0.13866744122017222,54.06186442166532
0.06572582274752825,0.07855546931926016,0.047463323808196206,0.0287721747780881,0.034704818329424125,39.380194074988964
0.07620141025060634,0.3899880192093955,0.02011232339482177,0.008282130739418367,0.08146529435567194,58.820616709302065
0.2338985065511675,0.3064016174940355,0.12141191720185554,0.05748925541173104,0.16055245524575495,52.64941305872697
0.1228240111206339,0.14449040795211654,0.05912450877488582,0.02458083784687152,0.1376910560593897,58.42529882072751
0.31538221249946496,0.3466727110915053,0.10690803243819004,0.1250840531888414,-0.023207149353543656,-17.00154828044375
0.024884958118875145,0.21955635976152954,0.006761960175881687,-0.00882697294610826,0.09546236809079126,230.53867098466486
0.3489427286899004,0.49382551502323313,0.09803799605472767,0.05604383905425986,0.20806110445865963,42.834573012921894
0.08512713678177164,0.22099012236321725,0.06218922178665363,0.022592531560046387,0.22231424536190486,63.67130684228155
0.06452907632785476,0.32188477669200677,0.015926598391421645,0.011532893140057824,0.023367165720818282,27.587216952305088
0.004196777396355267,0.18181903097017316,0.01785837712061009,-0.022799011293519387,0.08627018529195263,227.66563915378057
0.22051095104017404,0.4964290592743097,0.005654051069002831,0.021349527400929453,0.07992023510199905,-277.59700328802893
0.13918274267226816,0.4056374574666852,0.02472629915724317,0.007279133740609402,0.15944387563542464,70.56116770925222
0.14336664264763066,0.44567103037509037,0.05966947063056542,0.0032387070551955464,0.37478135998842466,94.57225441926992
0.1738392311632755,0.6026356195459326,0.035409391399914926,0.01966314291344822,0.12849445439243798,44.46913054400742
0.22873228681678925,0.2781064133000639,0.11968080297553012,0.04875508676226693,0.03752214142898469,59.2624000256454
0.20945618748456807,0.2794554647610411,0.07433295637055881,0.04325179981651203,0.1251749299016913,41.81342714139263
0.09671117719381894,0.3901748769326743,0.02758460804252845,0.001672692570475289,0.16850025582967848,93.9361379799328
0.2042510905865509,0.22817467105539968,0.0565248935981073,-0.0016042258253635977,0.07821845740285735,102.83808729790746
0.13702543940415735,0.4940411279216167,0.056371673477280074,-0.028431343261911185,0.22300373718283462,150.43551398801404
0.21466519043102905,0.2554897831757751,0.07816350000039508,0.05190119441380536,0.08115769725514758,33.599193468123836
0.26377023816757883,0.30069005354583933,0.10826488223847579,0.11307900793043775,0.022717174308991214,-4.446617954433142
0.08858466644159046,0.38453069012601615,0.06748588526466306,0.02286634319848401,0.18578561806476163,66.1168507921207
0.2867103888908856,0.317177653229177,0.09527223276549157,0.035169451781549836,0.1794356357097779,63.08530748080828
0.3575852731471716,0.35744852267918614,0.15305964987676313,0.09550868506107107,0.09531122218386912,37.60035049213137
0.05263608935020392,0.2939386190163553,0.010268572149525689,-0.004158566666256901,0.16990370466423493,140.4980030884721
0.17857370916805038,0.27449110535980914,0.07278602235028717,0.02491380358670326,0.1184678275695241,65.77117036729379
0.0727548851828943,0.1688844957422201,0.04137070300040665,0.010667177029782529,0.15262049715903866,74.21562541570135
0.16665817640436376,0.36564377817915716,0.021395707887810204,-0.017978543125427612,0.12365387865041674,184.02873707053433
0.14149924943409697,0.17454914249717524,0.10421256229190959,0.04047191074564603,0.13032926707990558,61.16407671439816
0.12019168772691302,0.17718375140901366,0.07766231296912429,0.03135587471924111,0.17050524068827813,59.625365868633004
0.08844888665739092,0.11624011824145031,0.03475585504097084,0.024277566907689167,0.10744532619840916,30.148267452864197
0.10992537959075721,0.37965553969258303,0.02120691488290459,0.0021245598593435406,0.05989427878441308,89.98175891649286
0.04640488109857133,0.0866749527582037,0.029274593394344857,0.012981286739639823,0.026098640337495396,55.656816254371975
0.10210710769946207,0.18487645373980555,0.07153268791368185,0.012167155840339856,0.22217844877608875,82.99077499363382
0.17831995145575208,0.3632023129642097,0.06367746371859749,0.028551685176620142,0.19212360300601578,55.1620251353048
0.0957333198607182,0.19762760356990494,0.060828290140940974,0.0036289985453018874,0.1447789202545455,94.03402834948444
0.09794005637655256,0.26335303927247344,0.047362998068874056,0.017818438860427,0.20411931889884377,62.37898868961824
0.14615421063942158,0.24062583969257156,0.05712853963884791,0.02180613362544696,0.13925109854667195,61.829702346148196
0.11161240961878482,0.4896666022052619,0.042402299639148947,-0.003029022309271983,0.21049360923678262,107.14353309855716
0.055948301797498545,0.2322486554977139,0.008309057863670765,0.009653401666152344,-0.022912840663300682,-16.179256716448915
0.2075061563185644,0.2602846769035676,0.0681878218065061,0.05169313472274088,0.014442592233800537,24.190077710022088
0.21538951875000212,0.3840654333335166,0.08283991704865135,0.03178935498718175,0.19561217445198917,61.6255591268735
0.2097697157867967,0.2356075846216863,0.0955412229764075,0.05350263001011287,0.09661771185549597,44.00047608420864
0.4796245512734848,0.5158816570861511,0.14904811899912104,0.10060030105171755,0.09663304116391709,32.50481674826718
0.05384158783795723,0.36406283011085805,0.010365934400210067,-0.006705075612002791,0.18835140719224414,164.68375501071
0.12006840526772189,0.23279821884568774,0.08291477398329783,0.05824754735056285,0.082269912221273,29.750098140174497
0.1274124959697679,0.26277758385260364,0.05131992751951275,0.032863864869633344,0.09394870188813734,35.962760553124475
0.059532936589894114,0.12878900989202624,0.04947069537865468,0.004090826064721668,0.11881306323690188,91.7308094551532
0.07427656489228229,0.11665587904285424,0.042501087512119846,-0.0019487444433687424,0.15715404663318666,104.58516371566498
0.1384352843123513,0.18129869407207466,0.07619630098655297,0.03647897031855707,0.11901012549525788,52.12501152123535
0.09660450166886969,0.14834519978103788,0.04957377000897726,0.03094734093094838,0.12500248869671082,37.57315426011748
0.2334654242191384,0.2421075503295146,0.08332966651017348,0.13920646615255644,-0.030745045369065305,-67.05511012162891
0.050078884101751986,0.28361920287208364,0.02117377743028285,0.004615228789386699,0.17666164762627828,78.20309198685551
0.22354458370118746,0.28243034639710896,0.09434428814094407,0.028476068280611347,0.20311299035377578,69.81686030841634
0.12124871461579101,0.21145528665897262,0.03245126361159552,0.006673310158088816,0.11224170508310582,79.43590043839063
0.12608194791193483,0.48147854710114746,0.07488718855530863,-0.03267696455179151,0.19119378536427167,143.63491964671317
0.12032961342070403,0.2544535550307424,0.019755153117908895,0.008241478369430084,0.10842524227725729,58.28188057950901
0.1313830253063355,0.17508207602058368,0.06009440352659323,0.0031211616587536566,0.13018729832573775,94.80623572980058
0.07628257567003105,0.27271903507600803,0.014496068606392088,0.01248298495934758,-0.009488308310947196,13.887100714719528
0.24272907108212383,0.35303834609524753,0.0803907334107195,0.031316327810601216,0.12498471431564324,61.04485370147722
0.14415621058636963,0.2504240359015705,0.11427706974180066,0.011853479117968599,0.17551554154581828,89.62742119241373
0.06128718232096897,0.18346276885265544,0.009288636971226458,-0.018746864238970203,0.073366266188351,301.8257823730503
0.3385001532091062,0.3906621006903076,0.09987195922569592,0.050186509997734885,0.12182618423547904,49.74914842281129
0.18685365106964646,0.22823872713096072,0.09289403435886341,0.05156113165593516,0.11307364836072441,44.49467932811824
0.1685535962786241,0.3348273950564461,0.0752355013018871,0.029968406306937083,0.15856126542617566,60.167200605619676
0.18049407230463044,0.31680970000606434,0.07641973202622288,0.021427470270643695,0.14107312452167242,71.96081469732056
0.16993891117945892,0.22325401506139697,0.113365410723997,0.11431202878317692,0.0411582700918062,-0.8350148895809034
0.2610614535082404,0.30920893002954886,0.09666736796627134,0.06469424821601752,0.11647705746641827,33.0754011647547
0.3246937223542139,0.3857796319477811,0.10002436227137673,0.058627533011736246,0.19793372537963247,41.38674650814217
0.04591073733139506,0.24044366697732,0.06080474983121967,-0.0004880240650240661,0.23988083648797837,100.80260845802131
0.18832788732369277,0.20091249053479132,0.10271112164379319,0.1341994993453526,0.0073388413396613394,-30.657223090954588
0.05428036620109178,0.35188058328826766,0.021656676411577747,0.002046745966591168,0.17557864387136604,90.54912246139038
0.08941070573899834,0.27039182488809077,0.019644933256836646,0.011055717878572655,0.08587841570219581,43.722293509319265
0.2538082250870004,0.3169635872137889,0.06478036766141565,0.03775576789348361,0.05010828687068264,41.71726827667941
0.22480131751267396,0.29169820812156355,0.0938183546076458,0.023096945506376084,0.15918664022599802,75.38120807706663
0.13856149631680525,0.23819888704961434,0.04997076092680644,0.059961480347063015,0.06870887450553692,-19.993130452606593
0.15254190925144706,0.2239348422375449,0.026804326305852416,0.001954303505830155,0.07250448374593235,92.70899972067774
0.108616126812912,0.34067603193574714,0.01082619323013806,0.005021007152859193,0.09912220495511916,53.62167433995483
0.06253054181247009,0.09613763743581594,0.023134181159656604,0.003820908254571257,0.055420428549757934,83.4837108424028
0.08877015053373882,0.17177156435760232,0.06668541983488085,0.023890412358197447,0.11676753290493472,64.17445909862714
0.2632049508764117,0.30991290006399363,0.038983122092600325,0.024578054841724775,0.12601235293712887,36.952061501533464
0.0494315521367531,0.2337783293983423,0.01798888093305409,0.011688748805091766,0.027934861416700707,35.022368269645945
0.06507975217446138,0.14705659064423426,0.04313139124650377,0.030693867790207018,0.060219758531125545,28.836360471689943
0.13662611289061966,0.2185427447869307,0.011411247035650142,0.0003070034028044334,0.0422637586456977,97.3096419537206
0.3565151669964266,0.39792404078826726,0.11014975329962587,0.045163958494945325,0.16639085012835586,58.997676216221976
0.23455181162386818,0.34669465150530243,0.06703620072568116,0.027455164225808584,0.24838612970247248,59.04427170901605
0.04402393972105656,0.24598212508168205,0.025465709702125226,-0.0074503458808005485,0.1337285275639817,129.2563842435492
0.0449346245708917,0.1099629155135996,0.05916852805862574,0.0021915247996803357,0.15490700149035613,96.29613094733585
0.32318216307025727,0.3576616826461779,0.10756813338281583,0.08585462264118342,0.0939181226031399,20.18582089210184
0.1927343672120405,0.2199869444290833,0.05934142619169059,0.029552807931758594,0.07513774886398297,50.198689468139555
-0.018256562005853905,0.19802529787208134,0.017111674195479182,-0.01916537733797066,0.21110958766878982,212.00176627389305
0.16002138110511688,0.19855725139506764,0.081213344997887,0.005796687222581597,0.1594347593348469,92.86239567803491
0.0033537009787983907,0.23854275407374526,0.03614394587905803,-0.013330925762774436,0.18207667687003845,136.8828732960737
0.22052014186509405,0.2711069163257225,0.0862944336788397,0.05248523856940108,0.08901315338390704,39.17888288747063
0.04532758251319957,0.0907850052151341,0.03487798298522644,0.0027949278239883793,0.11073970678060838,91.98655545771597
0.20327506762562086,0.2866561098283529,0.05132376205805058,0.03191838867911715,0.08440448366220311,37.80972516586891
0.340358201703611,0.38149736475674234,0.09775300552173015,0.037181660287683424,0.06794997618318971,61.963665373523405
0.13317874548371267,0.28337553305179763,0.04565107026229353,0.022439675063462627,0.18966540995365663,50.84523772491452
0.1223790202164532,0.2327536392195947,-0.013511394190904254,-0.023520537015722313,-0.07900388228304216,-74.07927474691046
0.2528685358683741,0.2845431025886117,0.08740575348636664,0.08863124785567777,0.1141967856438495,-1.4020751728915428
0.3899142408866473,0.5540865544284324,0.16538937505778842,0.09398986888594729,0.09234615545157915,43.17055200607267
0.08974387596567501,0.1295407244150033,0.06824652075248594,0.02567829932047039,0.12508077715448582,62.374200124282474
0.18488130073522924,0.3296407100715527,0.013793790707838292,0.004602616828210176,0.10301374084770162,66.63269056565612
0.12016047320694989,0.36439181392469433,0.06090483966678088,0.020315168269342224,0.17976328279471615,66.64441055835722
0.13823006506949087,0.21796643489097167,0.0634828992481099,0.031762935734302146,0.13127477184886918,49.96615449120681
-0.022497671250543583,0.08958318733566761,0.009330010522968191,-0.0234525417754236,0.04829183543124102,351.3667237318673
0.25170188692143713,0.4385273445365696,0.09893728428105232,0.028349809111886844,0.257933697000602,71.34567689228946
0.1961375615700225,0.4207890268432891,0.019542855817070142,0.0061635951590866475,0.06324698570074734,68.46113374227058
0.2889803579686625,0.3799687428992221,0.08682114595396243,0.04471051868674261,0.12845513445505993,48.502731453866424
0.28917275169632706,0.4030435873166478,0.10020410734762375,0.03940001031880786,0.12111671472224984,60.68024419186426
0.1260494708427412,0.14692024908869816,0.06642132497975584,0.02841363254144139,0.1076545542326655,57.222123241140686
0.0625014732754734,0.2675847434408499,0.10717396474887124,0.03055026451575272,0.14723206410981585,71.49469594846309
0.27782088070464805,0.3909780532302267,0.04264075898007753,0.03930130864114279,0.05810556197455403,7.831592163955108
0.09741916118417704,0.11015978493215473,0.0557586558384815,0.02866981331780843,0.11714214133118853,48.582309084247804
0.11606467171834678,0.1884421826110252,0.041152061594340324,0.023508291651553832,0.145288988858818,42.87457118603519
0.10975759513290817,0.26630780302005985,0.06388305169750495,0.03066628472305969,0.13478833277349012,51.99621197141807
0.16855065249938095,0.2555544170082894,0.06768200255740738,0.010387507786587428,0.12034489974337922,84.6524816138872
0.11633046140820391,0.1909138950128083,0.026905093487345905,0.012966897668434348,0.07867657758041102,51.80504511336122
0.18548271203733502,0.24200670705696925,0.0894606470273537,0.009920068438637533,0.18725864987611757,88.91124894770283
0.31364926912216173,0.37763779334032255,0.10154528604558308,0.0668974843431887,0.07320330114746183,34.12054173232736
0.09752229463193118,0.3129355866330803,0.04356262651704217,0.010256283994951975,0.27262551025209014,76.45623137314826
0.21647634189559906,0.4311225956013933,0.03447590340299822,0.07138868184352562,-0.007513074804171363,-107.06834280466528
0.1340869427192034,0.17102606371960427,0.04602878352444338,0.025782471311560112,0.03911502029897526,43.98619877088768
0.09007532687961395,0.459401644953652,0.04685015233641983,-0.03781746182536948,0.26005577891714415,180.72004025474934
0.0850591374004751,0.23253277456847876,0.05763663439143333,0.001401185290435862,0.1601840752202598,97.56893284066544
0.06439401265044331,0.1593540087194384,0.07322654566321692,0.026739928499658068,0.15787877991581584,63.48328566167769
0.15308874701600517,0.21369827318358403,0.06041826571066348,0.02581314076703456,0.1953100576398781,57.275932264175054
0.11890396069417986,0.2033388864058614,0.04280570959395035,0.007190657245045863,0.08039302369619242,83.20163989043624
0.17625797786113684,0.25025573537146006,0.0034891515248576376,0.009304455975696149,0.0028140495376615254,-166.6681544039789
0.13255552973060492,0.24618451039019162,0.06785702865827194,0.01485841338175331,0.12400860257202517,78.10335395529873
0.12422491110749523,0.24933279385043605,0.10136915671820289,0.009051208430021312,0.17233210077420053,91.07104298481751
0.25729696861305185,0.27442331780704843,0.11020702602131849,0.13990182104069634,-0.03124144644358065,-26.94455706810715
0.022799604885658797,0.11434011466191873,0.03902927538226895,0.009402449836068465,0.0782918293902489,75.90923801690663
0.06602980642717138,0.2787515147397276,0.017108959155346395,-0.02681795013526517,0.1180003232027347,256.7479932108249
0.04139084325262865,0.11804090369795672,0.04301235455688146,0.0022290076227782446,0.14648274102997946,94.81775028188586
0.05939446029252504,0.45178442534567953,0.03255040732122161,-0.010020439816345927,0.24292629068074056,130.78437611382205
0.13769836511986566,0.268709439580881,0.010046990435856856,0.0022822422967624088,0.06458073066142367,77.2843190074385
0.135831458969368,0.15238398699814448,0.071565589172078,0.02731814872182033,0.09307349750591401,61.82781552159881
0.031727358798354977,0.11030165056090191,0.03930292435385629,-0.01565687010579541,0.10213240154638781,139.83639986895582
0.34109842746755026,0.3772858074530122,0.09484942604776782,0.08561366853918218,0.036635411903531916,9.737283495984842
0.008711021947895525,0.34582889133679284,0.031240703711348586,-0.01355715806430164,0.3103566556870964,143.3958152465587
0.21493419482577736,0.23894136554444623,0.05671752004143477,0.021029304380146076,0.08360425632267639,62.92273645818225
0.09842314527928553,0.28224092844448334,0.08768566056482283,0.07363927953364087,0.05343291051994624,16.01901718103381
0.32306561023737257,0.44654331853191476,0.14823679666157688,0.08782342744463001,0.07834280615558602,40.754637564699934
0.2865433459499681,0.34643063405215235,0.059542672926376536,0.0596120356681409,0.03794159265680013,-0.11649248909286865
0.06035364554809086,0.3294140487694589,0.012268039487729884,-0.013928207251473881,0.11677722815035622,213.53246185264118
0.29296500399902914,0.5280269874981176,0.030128412609754126,0.01601737271695779,0.14509100207577283,46.83632050441271
0.08422080160922307,0.36254470708752085,0.02249510244347362,0.0038777633602274063,0.17837902106561013,82.76174393972391
0.2812448602502743,0.3116445256144973,0.0837714578929862,0.06556480088675778,0.05431432774564939,21.73372347116903
0.07318261953450822,0.24555165824337322,0.02080131727461907,-0.006133873822967386,0.14386441774413694,129.48791051060834
0.23737731050243838,0.49870380645944645,0.054501347848493115,0.03317708171984829,0.06654307900372325,39.12612617934441
0.20183306645217025,0.37773151831544094,0.057318041913426876,0.02856037822865377,0.2612050003052431,50.172097170047536
0.03761196651405729,0.23350696367483748,0.03472727338104894,-0.010009379198578517,0.217376147523636,128.82281913915173
0.34267863706233026,0.36307521642983187,0.17927020073599118,0.18362875911085252,0.016992253717417694,-2.4312787942264533
0.17734779033506487,0.383199978037427,0.021597736179573543,0.012848699143063616,0.0694631778554572,40.509046706406615
0.08433936892641125,0.12976885542115335,0.02866221025501443,0.0011514722628432799,0.09040969440562754,95.98261176441608
0.15699362116393223,0.20056944815886002,0.049398913002160004,0.03892578833715182,0.04751858719763014,21.20112372624522
0.2671360607987049,0.39031484910118797,0.14311820894146812,0.18986434980528175,-0.08658021735616647,-32.66260890878788
0.03415700381456388,0.3877702894619445,0.02086260317491115,-0.005585784303359776,0.17271241080644328,126.77414825239597
0.08346785248184241,0.15508914618557512,0.0523026128421951,0.015332435004685202,0.1612346581404337,70.68514521263884
0.05768108900753066,0.12900939952360357,0.03190098908195255,-0.006072115172220005,0.11021243633853776,119.03425362963182
0.1907925140248643,0.2662271588999281,0.06039678304319152,0.0327671228522853,0.16557950014032807,45.74690703501118
0.07503891851066247,0.27428052431163075,0.03683839102139163,0.012123836133640454,0.1815443394935944,67.08912686604505
0.38980810245728026,0.44527050975645877,0.010961098967281754,0.015008807885864422,0.09413067751116705,-36.927947924426604
0.13035538868567365,0.17040201961833157,0.056195512608725,0.02283094324681829,0.08118007524092075,59.37230183167059
0.29884564102432787,0.4915133097225375,0.07647019760990675,0.005148408299930882,0.2968716904147756,93.26743167816282
0.11961531358904942,0.13437733397527918,0.06980118205523027,0.05275903631415604,0.04229928891043731,24.41526810762261
0.28885680918417933,0.39925640993147593,0.06884680185645768,-0.0012656966632754382,0.18464336086756752,101.83842477667204
0.07449218038274208,0.2512073759897543,0.09948599128082947,0.02970986227970393,0.1959065048223829,70.13663743286348
0.03799947041157159,0.38693949451510146,0.027179315626169168,0.0019656332008219646,0.16897929396493688,92.76790766972299
0.07637432252121013,0.21833774743686463,0.024831963687546855,0.0146648502804122,0.11762765576420196,40.943654457071496
0.260509641809322,0.2937219785666657,0.12203272764221423,0.06978547978408224,0.043144271098797746,42.81412770786772
0.03930839809555764,0.4096412252566244,0.020261513401118883,0.005588628446529719,0.0960601760919352,72.41751721161607
0.1796040022935238,0.21991521610529774,0.07175337221027914,0.06118701098924818,0.05678343784324787,14.725943736923425
0.05988405333244251,0.15286482509423038,0.02427468344229438,-0.01196846036386494,0.10762566086730482,149.30429017670318
0.11992121885306051,0.14185551747779357,0.024559229951034735,0.007233228519846466,0.06418323946971458,70.54782037438551
0.3080358586645263,0.44928364715586355,0.009968645915767987,0.011519743746067996,0.1262749568598276,-15.559764519738303
0.2236816322982904,0.5956668371738754,0.042175044545169495,0.01863339142970811,0.1566112465181781,55.81891701441658
0.43293266004003905,0.5674411380092275,0.13126991074826605,0.27079100570115455,-0.17309168157473992,-106.28566299587543
0.23609558721583435,0.35747803685309654,0.16238031767263278,0.12249301947347148,-0.01624222128051557,24.56412129921816
0.10857685484953994,0.1742524474132937,0.08883087372590863,0.050710701663291696,0.11266319238298189,42.91320175487445
0.19652096602192892,0.44499459133112484,0.015084349678861169,0.0060755695868828,0.09633090241650889,59.72269460580757
0.15102292294936503,0.23943326709452162,0.09228415097867573,0.0402699705938636,0.11650017240152859,56.363069750548114
0.11543550776571587,0.2196052502900836,0.07006595923147114,0.02238538689228979,0.22146232141855826,68.05098062193507
0.2710856151191141,0.27240328480883913,0.10972241176927511,0.09040128410234655,0.07699207922973435,17.609098592871923
0.2112837137704816,0.2885385860142998,0.10202674713841997,0.024698087502468595,0.1839761989978999,75.7925365698853
0.012174004838188757,0.14039775867728832,0.05155172972431878,0.008537624019183771,0.15488314974972459,83.43872443303047
0.05070229689245265,0.27634775535340383,0.0428203726862791,0.005171048059577956,0.176751988582042,87.92386022078011
0.3692034593059542,0.4414544067637899,0.09025042812083553,0.09575850944021275,0.05614623933063835,-6.103108244542058
0.1758707585749325,0.18848706816095084,0.0714758996185205,0.038610209555623276,0.06552433430491875,45.98149899239773
0.19420079230316067,0.27596382382508833,0.0621083204275517,0.005161086998308664,0.07614626493684114,91.69018424137072
0.05086681401117388,0.1239469840852877,0.06826391450705736,0.021171054519287226,0.09916405840221505,68.98646280078403
0.40564975275908943,0.4469875965719986,0.13735065986978784,0.1193097642656661,0.05976421749977332,13.134917313993977
0.07096437654566834,0.17061937526912296,0.07155988387674647,0.016331588689291243,0.1708610873754862,77.17773170590873
0.1487371814156362,0.5607571734766885,0.04299351007029275,0.01607242950614489,0.10560300729911537,62.616614740533905
0.2260094911838768,0.349452094906159,0.08595225411917488,0.07655296236592467,0.08964802483863892,10.935480226286876
0.26978828719237324,0.3771293096574213,0.02069473395878278,0.005297386333516301,0.1001179264440816,74.40224965410532
0.08054709354885159,0.11492040568691875,0.027955155981087342,0.003451933952409757,0.11934092400555643,87.65188806406549
0.13897507263623166,0.4055142840095787,0.02027506071196266,0.014081675236505128,0.03843770136060303,30.546815930387428
0.12362373019204231,0.2388934126581974,0.07952946948415993,0.021303559452626658,0.20472693577189544,73.21299941920304
0.19475313929255922,0.2683470117021757,0.046713186851298404,0.009617539021210778,0.08736782617364147,79.41151167479498
0.10543528238733069,0.21896809966139563,0.08218645736646327,0.03201107758058099,0.10544773711361452,61.050666245600546
0.06527995707526058,0.0914124214828449,-0.004187879777160905,0.009961966138381798,0.0019922145786382527,337.87612511492216
0.08478998276204353,0.13972940370119957,0.07767007661163529,0.034607276397332555,0.06214249781383292,55.44323128406925
0.10174985828276062,0.5325260206278624,0.035912028832421755,0.01630113189478317,0.22908007021787624,54.608156584942535
0.20574605290453085,0.42930588004651526,0.02882339438278756,0.013263560815416402,0.1642501396073674,53.983348944713505
0.12174243323750478,0.3332036845691849,0.011993270879770885,0.0029475145383869514,0.019628268166443384,75.42359738277453
0.10723819042271854,0.13611908257426375,0.021634126604257804,0.00015752399782336442,0.05839865870501125,99.27187262649946
0.5054852462656538,0.5514387439163776,0.19551240416825036,0.27274367945987843,-0.19717644239498316,-39.50198230142259
0.051054882274321756,0.3316053869984822,0.022323323480391396,-0.007145699826774101,0.12376366182987214,132.01001783202585
0.2722345173819736,0.3359750397075374,0.09755328001842715,0.03402916849797445,0.13247086192594026,65.11735075279215
0.20267333596591486,0.24114870081936057,0.1264739702472916,0.08626050221022613,0.04858387650957603,31.795845388926285
0.14989757807856696,0.15946843032819769,0.06867919597427018,0.04286654078521858,0.09035990055769033,37.58438756144145
0.21851620032645058,0.45851070582817044,0.015431852649131494,-0.004500705954379162,0.07728832312811793,129.165039718238
0.1809680690446922,0.3160580272784703,0.06380170729532042,0.013092166013787567,0.25583716087577957,79.47991273464272
0.17635737018575215,0.3529363237666159,0.07476591946327028,0.026223534623166303,0.3068589259061139,64.92581805798704
0.003344426838306047,0.1602625333596237,0.02744837897774274,-0.01923012008290801,0.11427035812118251,170.05921952076395
0.21028202692958498,0.28935131451575213,0.04791341148937617,0.02463275479813683,0.08550009275872608,48.5890191651274
-0.01681458190414009,0.19103938857896485,0.05831893218768859,-0.02271141745898969,0.1724421186470192,138.94347274037398
0.32020455318748076,0.36516580624057093,0.08670962524654381,0.038207419718169176,0.1279065200339759,55.93635699666214
0.054768224077576755,0.30844865096786933,0.03738080374692332,-0.039689938957642314,0.2787061237072622,206.17732894763944
0.2554134574857736,0.3696739354694685,0.09661516448484701,0.04079565770802579,0.23263453960743702,57.77509884131686
0.24047853578800726,0.29208286699897734,0.10387328204392349,0.055974703856014815,0.024069477922837965,46.11251059502909
-0.007985405500705145,0.27470978695799064,0.03716546346243776,-0.024250365472931627,0.2549263668573526,165.24973244969993
0.44525391955202576,0.49416634108963176,0.1256280929396818,0.0504512495995359,0.1628953721379731,59.84079005023247
0.075037050706799,0.2533351544400039,0.05549077012152571,0.011060566404621254,0.14479290393079297,80.06773670576489
0.14668989052889803,0.3052082106334595,0.06992585601599827,-0.04671468864056375,0.13252766099203933,166.8060304186708
0.06394798622931619,0.20399228254760127,0.02148142383634276,0.0030685572888601706,0.10146785836084189,85.71529842603488
0.516040446995077,0.6067506532666542,0.14645533213216017,0.043230911707747635,0.1624923082816288,70.48184516167947
0.11094722118335199,0.21246297618868304,0.04528633380029069,0.08301921708691287,-0.024796542632415916,-83.3206844542138
0.2366473295681315,0.3056357574918027,0.033119191692856514,-7.445415474584098e-05,0.08501067204994628,100.22480667836437
0.19712138877589724,0.34242762154633,0.09210740989937888,0.0514925473462037,0.12507106135571078,44.095108740484804
0.13697022382101098,0.23805307403346176,0.07898289311149939,0.013414814492269117,0.1496206842133489,83.01554429852102
0.15944585830124947,0.16029211036693625,0.07379756107330114,0.03878597579340731,0.07346393381922901,47.44274034357011
0.1380589669885125,0.22968552180029322,0.03314001289119099,0.01738071161540584,0.061051379866477996,47.5536968785373
0.11570646974588616,0.21332684121504475,0.09175365059998221,0.0037954922776443356,0.18735934003588775,95.86338826539827
0.1490454103444251,0.21146394397910873,0.04605865684439153,0.034331913129238126,0.046505646531309314,25.460455251163815
0.006520199201192178,0.18488960644626395,0.01625711528633606,-0.019663857133578027,0.08500674141289574,220.95538960780635
-0.0058181439515510025,0.26445029898972816,0.007186166744198048,0.00357020838643788,0.10221535786290038,50.31831971724859
0.11941809520480595,0.23673750184074616,0.005258742078681934,0.0026002735270666943,0.0343880282226969,50.55331696894261
0.253938692068152,0.43561585001756276,0.09599267950973389,0.043920905194134385,0.11319978455004268,54.2455680803444
0.2716632102177827,0.33362667844966176,0.10706814874292249,0.042402916706225154,0.14255632170204385,60.396329623633186
0.3486270465155421,0.3762997241949566,0.11791236850814989,0.04777643564926497,0.13227314362669584,59.48140449238559
0.40917238452835447,0.5064724928617392,0.09908173638334786,0.08940741058793025,-0.02126321775045463,9.763984916440682
0.0826294725830291,0.10151851032247838,0.040124854459014515,0.031866054892274454,0.12102492817835493,20.58275270549829
0.010014213579567,0.1146454971713593,0.03698539142930621,0.0022791699804361265,0.12530846050808706,93.83764807574762
0.21909195914592916,0.32635216652712706,0.10854645121124107,0.050192902602728996,0.1271721043249176,53.75905702799152
0.1366600518057539,0.2789453021248518,0.009312206214145597,-0.007306491350266736,0.07994819323337989,178.4614427799923
0.17994687951151245,0.19155062977595128,0.0529453904356956,0.03163856200434583,0.10819192423280272,40.243028252342015
0.0494561364560997,0.06663641674489096,-0.0024071243669180308,0.0022848587155787476,-0.005458903006152814,194.92067576484112
0.05706220940058315,0.09669442173198906,0.03387987666292085,0.011116164547299686,0.06459023762072984,67.18947752408572
0.3027618749113984,0.3765961446882251,0.0851361804783738,0.057044847029728875,0.17437161080043223,32.995764304672626
0.2037075925353884,0.22906231430623658,0.09627159909747986,0.14298997725344412,-0.08438333191683024,-48.527684793787984
0.4128547479113386,0.44058906738010006,0.13364979311611264,0.1808349815224614,-0.07538572420360501,-35.30509648103615
0.29573848046037554,0.36274197930966645,0.03292198089324546,0.012125936063468831,0.03152973159647526,63.167659616871084
0.15416445488926322,0.227552798961002,0.06316405225784597,0.027073278858316566,0.1538328034476228,57.13815391735948
0.4534060173837269,0.510294355150138,0.14967898400737112,0.10965152896246405,0.06447145251827627,26.74220119167556
0.28991098984775665,0.340842209059838,0.10294464542264702,0.059971989314571664,0.06919629306573696,41.743459246129675
0.08518434351628046,0.4357090857281203,0.022240258262067377,0.007555054083340661,0.1529677462870721,66.02982755723463
0.13453044064281638,0.34221530759111884,0.00966903831766956,0.015130087480707845,0.12608906613846396,-56.4797551071709
0.16140520971093586,0.37420396718900917,-0.004338107687703071,-0.001634622810904665,0.07153196062106687,62.319450585834566
0.15423669533060258,0.24691982936064738,0.08508625797415467,0.019983954189880235,0.07892878577807774,76.51329995502863
0.09141267793798169,0.3132079782960857,0.01625346043925521,-0.011218663911786393,0.17007827629052877,169.02323325986126
0.3000285343952369,0.4854472542681295,0.077925180329354,0.03892997206205811,0.07320810502770217,50.04185823180778
0.4581822142366092,0.45223638232516994,0.02337148680413313,0.014772672202986887,0.05010690824619844,36.7919023432672
0.16155678129031759,0.3143592029130411,0.0018628872371081783,-0.005205292451039366,0.04864461368795518,379.4206942509153
0.18794560315443876,0.25719702680669376,0.05196423778328122,0.025784432894425134,0.12678450320359758,50.38042701220776
0.1646614504982743,0.2479304735609723,0.1058768367918946,0.05168067055900616,0.13160703680469865,51.18793484491163
0.26908870866482937,0.41885943834743045,0.11731369950970963,0.041166930515911755,0.28631013485006857,64.90867589381195
0.1806219316243145,0.4706231443171037,0.012100188241795541,0.006462652270039274,0.14294026993856848,46.59048156196053
0.05882916321267262,0.3392573719601081,0.046752926423858206,-0.04416792260151733,0.20493487628592413,194.47092616426735
0.42072315508864355,0.483345855457602,0.18125165404973242,0.2336002164279338,-0.19403042442426577,-28.88170188164893
0.07417732837810098,0.09452557907997039,0.042688423526553505,0.042390130669944626,0.006617035285178052,0.6987675626468904
0.2631562011832502,0.33354270417189247,0.04717727351596805,0.02192879432098281,0.13837116433313343,53.518309375041376
0.08668475454841285,0.1556436529657289,0.004061941529951838,-0.0053112740670727635,0.0075004959345909665,230.757029068701
0.21475231417156881,0.24117871120158585,0.06726096346818827,0.03776311375675635,0.1037007367270223,43.85582392881305
0.13181507170173268,0.29342974627632556,0.07074323142251228,0.030015045473165358,0.2218392569685098,57.571848402144354
0.060385903717553036,0.23460664381444496,-0.004539521303389017,-0.005870253292089424,0.006372779912360258,-29.31436818474532
0.21673026947257634,0.28658139382350833,0.0827254856179423,0.013320667690895464,0.10342801040789719,83.89774615235822
0.2971421158214598,0.3391585962791165,0.12493399761662212,0.1186243241209155,0.005701452795514688,5.050405506969171
0.045358500333451346,0.1546170375137761,0.03378813501389701,0.003061681846936103,0.08621477516784608,90.93858881031215
0.10236293538608843,0.20818486643001088,0.049054908122668626,0.024996210211254578,0.12960368205345754,49.04442558785744
0.07688679952961974,0.19564981633285905,0.10905562509123462,0.02855088160407503,0.17521950127459915,73.819890922463
-0.02351856833472077,0.08415851424806331,0.01034627414980131,-0.011688290843422806,0.06851669963826784,212.97101424329904
0.16531255229711128,0.29902685627770986,0.030407396364911892,0.024427090515091225,0.12597961739757496,19.667273639783055
0.1036229583088627,0.17814979291562638,0.03758870025352842,0.01896230070917765,0.07025692133338782,49.55318864105265
0.1779036254404015,0.18370381377158362,0.06290185499400539,0.040112775802314676,0.0448153029060451,36.22958209080246
0.07559941967806705,0.17896584372846258,0.05965375927330285,0.014759240756896289,0.0858462334677382,75.25849009904466
0.08194646750101453,0.23423855988524167,0.029826919122127548,0.0014766995571693468,0.16084354883398277,95.0491046322185
0.06616198690864561,0.34162870017797786,0.016518175884985914,0.004438342437075143,0.10729216261972432,73.13055347043893
0.06878881393970238,0.2604649581410856,0.05778889697023487,0.020603685485021856,0.14590666960105886,64.34663652494679
0.1651467144495954,0.2218394339107428,0.11078319886603646,0.1612447113630232,-0.04561266176079921,-45.549788247229486
0.0645392444265146,0.20524407875813377,0.04880072610004016,0.01086265005223631,0.20368120999346234,77.7408024012426
-0.024139129392541037,0.30066765803192763,0.02278154280150744,-0.004765064467527838,0.23610542541894391,120.91633788389669
0.30592813597335056,0.35880748084369984,0.09313101189831752,0.08405490909405812,0.029265481689330602,9.745521517761329
0.15460041853965933,0.3114439605453363,0.03224957800136001,0.020673692201489863,0.15014464547544903,35.89468922471474
0.36296121904967993,0.43713407727526143,0.09994875932470101,0.07071273487357757,0.026033173307966426,29.25101286764862
0.17146639053523405,0.20404175598117347,0.09544584705869534,0.10442138964956663,0.03716109535534915,-9.403806312653593
0.13601200907851707,0.22096970884650535,0.07705162583576078,0.02071198472896362,0.19799120400999648,73.11934108553115
0.1504187705411617,0.35792791429696535,0.0401765376514748,0.011303439469402439,0.07639700181677066,71.86557097712597
0.04498212082323427,0.10251587616493141,0.011749278492482262,0.006737912557772953,0.03373053915566764,42.652541923453555
0.23592692212553146,0.33916155890056554,0.008973545485593738,0.004888459564082316,0.07913934882780013,45.523655372000725
0.26635217682501167,0.346151796637849,0.04929736341030847,0.0066100672823656515,0.07590860908133634,86.59143851700712
0.1745787466687282,0.24332391869803682,0.10752859569034535,0.04406240795711728,0.07998152556400724,59.02261377614783
0.32833395788114705,0.41902833840297593,0.11526161882303407,0.029656592797370086,0.11872413842852735,74.27019236741496
0.06634980288848391,0.2642272105375968,0.033458031918626646,-0.021031058284019008,0.10217385073050637,162.85802564588585
0.39464049313020333,0.5585382767727458,0.24530612236131377,0.22156763571471755,-0.07261449722879637,9.677086905980918
0.10192590331124918,0.35138589068684456,0.027417291741011488,0.01051504272593588,0.10374741838110514,61.64813496072915
0.042723696794860766,0.14787512604848307,0.05406747402946857,0.014644091184884581,0.16529095752275452,72.91515564995127
0.021749870110086666,0.16646307522495973,0.06601584655119527,0.03439543315397698,0.11558075050832314,47.89821694204387
0.14290165546451872,0.4053139469004774,0.025626284696614786,0.012144520853394425,0.06581018804080224,52.60912380717168
0.17688304572827263,0.243905627795862,0.061443191423450554,0.023926332463513295,0.1447358989439838,61.05942430851417
0.08697597766887621,0.1477532926656916,0.04317572579128985,0.0032627107386769584,0.10797166781502737,92.44318264747001
0.3388332212342561,0.4127150665123598,0.09039223108404677,0.03798244302925166,0.1415340034511939,57.98041206225394
0.208574060194466,0.3416585299843292,0.05201624585104339,0.007994847807148694,0.11012757856462804,84.63009454768576
0.0915351854410772,0.15614863421697556,0.04326227803696238,0.008031540428348317,0.11346251842686053,81.43523459054481
0.13113641636002138,0.19492412801505776,0.06871647739321765,0.05840627699153792,0.00878984615115544,15.00397108932326
0.08243307919993015,0.14906727813551857,0.00904070830843013,0.009899396203602265,0.026727960321366803,-9.498015707148074
0.06625094977540336,0.40632363970768737,0.029951647838867834,0.009134177303759795,0.20251512113934989,69.50359007658169
0.08991745497450832,0.14261503194781322,0.04140664845299847,0.03312323083550031,0.1019071740688082,20.005042491910046
0.25849239214301156,0.3158213404379553,0.06105440013758355,0.03540876801678772,0.05459977538094856,42.00455997111505
0.08970667755561468,0.1699900910008736,0.044795108925550456,0.01392782062514523,0.13324065843011032,68.90772015245395
0.09194750004814323,0.11995218184068512,0.04007512765074212,0.018969820195937855,0.10087851568698367,52.66435490546325
0.18669491552043782,0.2688863961714324,0.07554530817872786,0.017590215848802934,0.19690279130502727,76.71567398045771
0.16399179656299967,0.26930014375740374,0.06147180925007775,-0.005892925146363412,0.09233064995806001,109.58638637491535
0.1333952418156069,0.25988013283824407,0.062288878042557,0.021199194918938336,0.16568913663301332,65.9663240290592
0.06318898673880302,0.2770274545118665,0.013622361425162852,0.0015414785512365544,0.06737377242442455,88.6842045727169
0.3226640066389076,0.4243000962142076,0.02447507103844014,0.004270727197386506,0.09732561445279249,82.55070561111356
0.1170965237834003,0.3330275084866583,0.0035693043115027504,-0.03139786096847363,0.056816353767531004,979.663324510834
0.008258450271666717,0.29701685372803943,0.018263260855932724,-0.006444937722224101,0.17836198628238067,135.28908541067298
0.057963222496778544,0.20834282171467455,0.0733540147926256,0.0020973362897583874,0.1916691788255069,97.14080231915372
0.11459053018419585,0.400458911644187,0.02266318200178761,0.009330972526422584,0.250881036474059,58.8276150909145
0.23753683208486565,0.342912936344706,0.09102076903819412,0.06463602118303821,0.04083753106351608,28.98761253498566
0.3507344534822585,0.4847675744490735,0.013639730741156245,0.004434668223989087,0.1392684427086005,67.48712780225192
0.07737742248680635,0.37944999795845036,0.05484960333675024,0.020264631125594165,0.23014622210826716,63.054188375476386
0.002690175049980925,0.33339467752530194,0.019387631662062813,-0.005204447429976661,0.17365636997383802,126.8441629214598
0.18373045412232625,0.3977580725417581,0.014695524830484452,0.004796354889621804,0.06265878799997313,67.36179928958897
0.4201337020309641,0.47747143041542384,0.194041761350164,0.12792554224922845,0.17044963957285725,34.07319055490509
0.21105067435281044,0.39171155105751876,0.050187688700090195,0.04604073217675455,0.053989885864367315,8.262896002477582
0.3443097549598516,0.41170621158775556,0.13711683363936758,0.16384309299029745,-0.0471349700446847,-19.491596065602625
0.3591961960704039,0.4155185998196974,0.09822253695069515,0.06595858458818105,0.11598073196540397,32.84781004863442
0.24630073853400825,0.2731312858570505,0.07690363954615913,0.04765089733375727,0.09684885905718238,38.038176587005054
0.21126245805655586,0.3383095247459701,0.09815655168550876,0.05376546293837236,0.24661806732684108,45.22478427050329
0.2631747056918392,0.4506607023898477,0.0923397060585512,0.0240530928060731,0.2713387052620929,73.95151681463942
0.2592932023454363,0.28683926452566544,0.07168035117524925,0.010476185681436555,0.11902785320923608,85.38485720330299
0.12923629018039917,0.36211773362876687,0.0246408112300302,-0.00979535917677958,0.11903844893108802,139.7525839767881
0.1824047593282675,0.25016096611559324,0.06952561377197114,0.060049371742086716,0.027853159056690384,13.629857423430208
0.11023098281021537,0.21005341933988597,0.04209790014570074,0.010692706096765942,0.20631826622864305,74.60038134976209
0.07839885353896159,0.2439848492730572,0.01377751479793455,-0.010350670120972433,0.034012753972576845,175.12726549583638
0.393292032614589,0.47145905018645107,0.0012961189101925478,0.003912008134520478,0.05735192381861179,-201.82478658067885
0.3177439056952781,0.3484720792341235,0.09483410548909989,0.049269302490364535,0.20565851639670313,48.046852726388096
0.13719113340914513,0.22426284751515235,0.0700902906824756,0.01954352992170802,0.14659223731485949,72.11663736672959
0.1801620685892532,0.2502253690199263,0.06514884341630219,0.011654282209892657,0.18145824997832,82.11129837651667
0.04972624010478577,0.24313162617753714,0.03411994944377003,-0.009192932870522435,0.13953472983383192,126.94298502895633
0.017115574640027442,0.22322845622534504,0.029247166364512966,-0.02174201509441139,0.16176043080861624,174.33887722125465
0.16651744448027217,0.2850060604877578,0.037329307340804946,0.028013069564759487,0.02098011155188379,24.95689965793126
0.42293652768576906,0.5247947732886629,0.056910543526547175,0.03475865649597261,0.05439674100561493,38.92404756289374
0.20800833435674926,0.2920004885021328,0.07625239014757138,0.05184557241954435,0.2543848343853924,32.00793795550864
0.21047054276918797,0.19158816039963955,0.10026295826596798,0.06909790502914062,0.09558533390808414,31.083317085214752
0.21431342346155957,0.3167627144088755,0.07069121190591632,0.022058740501153657,0.04071491174817349,68.79563964681796
0.09280620594280253,0.15255523321519104,0.044076427193479255,0.013913667110932313,0.17159650993493936,68.4328608354383
0.06903188407350769,0.25868177833774675,0.022806087939055288,0.03796906716645723,0.09385156048293433,-66.4865419616112
0.05139215033112143,0.20036979249564912,0.043682634802918036,-0.00855281085125498,0.17486297697758452,119.57942988064364
0.08878540675017732,0.16352068459779479,0.060533414108957524,-0.0015996480157110856,0.1404622403838902,102.6425868080591
0.0428568509647691,0.2536764844589795,0.03022024695534914,-0.07280009255052568,0.20994644667268106,340.8984038353124
0.06812893112088603,0.18584034357239254,0.05411371074580493,0.007889461218082972,0.1355054315200267,85.4205872978419
0.194505027572614,0.3011104886476743,0.0915050074540559,0.040939605836334075,0.059144308392932624,55.25970985042584
0.34129599227349494,0.36824539966916014,0.11092449883225666,0.059841945070664475,0.1678945105805312,46.051642603173484
0.14339295781973393,0.1731829638225696,0.07825575630259635,0.03537083975764504,0.18986836779799088,54.800973846736035
0.17819607967580686,0.47453254998489747,0.025086724725137993,0.013525939961827372,0.11765063523685833,46.08327667312509
0.06168466107174775,0.32693262123103073,0.025750784204008118,0.010200810553858741,0.13972337224549464,60.386408145694524
0.2044848798218628,0.32450779851742595,0.0239678098975468,-0.018166668920185744,0.04060105766577912,175.79611569785177
0.20286612230784962,0.271004237647282,0.09947235719323126,0.01830690028123489,0.12623330787765358,81.59599229595756
0.31528261573304317,0.5993674219527422,0.04072572960002058,0.021865552100255495,0.10785920883126114,46.31022620097039
0.1811070385139667,0.22467906322502007,0.034447435087465554,0.023613166606826677,0.10679807145807002,31.45159705832833
0.06743054912233393,0.15661570501328326,0.03409846458692599,0.014863090396989654,0.06405163596362742,56.41126198190036
0.1854128092909897,0.21868862997921024,0.035755948617254535,0.00491385398061182,0.06827532856889493,86.25724062529676
0.35882583707154503,0.45648117958633494,0.08610011937162695,0.06999156121766771,0.07098990461994656,18.709100836935175
0.03409951666125821,0.09626556018268206,0.05459311282184696,0.005574928214079995,0.12719535380776864,89.78822066389108
-0.017458337708222027,0.1945965008446392,0.019082584136810434,-0.02254646571260211,0.14494520712119796,218.15205713732357
0.1740091189986278,0.5822734433743262,0.032363404393805285,0.015227326774659948,0.16459263138816452,52.94893395833652
0.17205039760548346,0.20998541700557627,0.08535499051816454,0.03008118903681875,0.08415701397745028,64.75755095958084
0.26750887993647854,0.34495151127831225,0.11953087086054959,0.07227612209568893,0.06653562502479843,39.53350998336681
0.3503258860119234,0.46106032733849345,0.11056418134206424,0.04013998769632687,0.1383536831655229,63.69530601222334
0.21166471046130386,0.3876785048460142,0.11203310226221716,0.03456398233255066,0.1638383118044429,69.14841985572039
0.1022120935490306,0.3872131937338038,0.03296115355339786,0.017007084627248273,0.08966967898258056,48.40264131018234
0.06252956929736508,0.050249960594604626,0.04347516060516072,0.02397195563155061,0.08784472781840794,44.860570270774296
0.13662941905803017,0.2099818221868105,0.09605985685386384,0.045942245925712215,0.10379305356209217,52.17331419137518
0.09465383803168248,0.1491029528163852,0.04004318590865272,0.01813833962035448,0.08119553086917142,54.70305569159255
0.2833563835668085,0.31934432922334044,0.08964005965259833,0.040802068194147195,0.13204939516995098,54.48232815520612
0.09836668732020237,0.17254641654777403,0.09462651275622712,0.001531458247102966,0.1306793285764135,98.38157594262378
0.17283675885749217,0.45561699922249266,0.086885359336336,0.016923160031605582,0.3292374543855014,80.52242614766028
0.28316641170603196,0.36322398532394695,0.09739733444823781,0.0391363147736718,0.23237610111330176,59.81787900522991
0.04992192755945113,0.1481021201414583,0.06273575740081776,0.011180453696042692,0.12475732661743502,82.1784988987844
0.24697886321151552,0.3241979485708115,0.10535420676843726,0.10075589754742799,-0.01213311752277521,4.364618520754568
0.2949587312815851,0.5288640669197099,0.025904541341818844,-0.00952198089846508,0.16772302003079753,136.75795982186847
0.28955343639341635,0.31802247473182865,0.0710522766720673,0.0699992110793108,0.06519246626912727,1.482099718798304
0.4402473581171319,0.5042546830142816,0.12659676022192415,0.09118489074474563,0.11972159844117894,27.97217670902597
0.2276959849618978,0.24460516468179572,0.11332633717724029,0.0525350393257023,0.10103017858082908,53.64269186293521
0.0956687271487644,0.2703317910263674,0.0721069076721082,0.023345583265053982,0.1968086847758253,67.62365213161911
0.014600719421299924,0.17689916522488214,0.06846189539761273,-0.0018370565679700617,0.19864841871392513,102.68332706434845
0.16517614623594112,0.19388544756150428,0.045130542960440306,0.024819876314041773,0.09695050883834751,45.004259452854534
0.14332058159686523,0.1709858753679595,0.03237851300027481,0.022768583233689618,0.05838185768184356,29.679960183791117
0.19102139973699184,0.31851952672822703,0.09824521987898699,0.1299328594244114,-0.009710910729750492,-32.253619651373874
0.12219342201141226,0.41036428644913536,0.06409579887289844,0.032614284651383,0.3497077958484077,49.11634580597565
0.26478923153587264,0.3371413663001208,0.08312498134487334,0.03625282142513076,0.11727970513213484,56.38757346034987
0.08704484881097274,0.1848884322052018,0.03814638488557568,0.02373293178007336,0.1452431145684282,37.784584695868496
0.24943767072144296,0.3233738511240778,0.09853274470179312,0.05034269624378823,0.07382054122190296,48.907648522174895
0.1269683898604146,0.40705219582880714,0.030726815752668155,0.002656329602775232,0.20403693966916348,91.35501177812553
0.13299460842462585,0.31295154736367314,0.025857920924581584,0.011876966750082572,0.13008902495586255,54.068361548774604
0.15746783504705253,0.1942714086049283,0.05189606060639064,0.016759555907970822,0.10717826080730855,67.70553349880474
0.3740577562033778,0.5117771929127896,0.13677645211880896,0.15640921893581494,0.06951955718153939,-14.353908522171826
0.11156655404251148,0.2895505520344157,-0.007365441932572329,-0.006305930364773264,0.04838731621971221,14.384901510302692
0.023487913950990258,0.11345275560006607,0.06265792029302056,0.0076489796841354395,0.11391128173881318,87.7924775537316
0.10620494236603228,0.28602996365076994,0.07953041916424078,0.00872874695554842,0.27803077743010857,89.02464359263288
0.26142114984301956,0.3330456456435079,0.15034491379171705,0.12423537786699353,0.03283327464790496,17.366424487691564
0.04239924279677609,0.19535399927175656,0.04887593908033523,0.01289420854372238,0.18698997906717385,73.6184945264607
0.11227682904308589,0.21665402079267682,0.047860321421012764,0.018725827880132842,0.20359303022055064,60.874003090352446
0.12753567633476137,0.23507762123338583,0.05801328227075417,0.039817543776956926,0.12430050268014088,31.36478023924899
-0.01969676484648475,0.03189017708819264,0.01439433828559824,-0.011698927268134048,0.07083214562999546,181.27450554527405
0.10842571895683717,0.19280315695373984,0.07114211353622271,0.022899703532099115,0.17281963503976805,67.8113252561164
0.15241070813908975,0.24976521829582465,0.028919059696667526,0.013043896236976379,0.07680353418951155,54.89515781704518
0.1847052545866018,0.24808393940548235,0.056520452793560556,0.037757835219956945,0.09975011964273381,33.19615580953247
0.12281436354780095,0.3386415281163324,0.01566238220052372,0.00851683109093961,0.0854768144645021,45.622377350395496
0.08053936808915585,0.10235392326383064,0.04944129811711859,0.027463384055756122,0.12514711835832376,44.4525425066718
0.11956543747874526,0.22589909339423064,0.04924526590068475,-5.21543535431275e-05,0.10140637260067464,100.10590734477567
0.028094483957294192,0.10564782313670573,0.019888641967905362,0.005510658600027054,0.10256034478319825,72.29243399866266
0.2171708613498714,0.29350898674378423,0.04037898371338293,0.03536546388216126,0.016431214159778048,12.416161503242645
0.07825850017715652,0.1752314732396013,0.040165872206314804,-0.010013794143793362,0.10548332576148882,124.93110094150776
0.2472479468017449,0.462109732561235,0.12496343473516594,0.07191424733576839,0.08493071062131083,42.451768000634985
0.08999348570025889,0.2592386276624852,0.02665467639080356,0.007718685292545823,0.07887630202625398,71.04190957197687
0.2165299886062645,0.33220857109677104,0.09059595614777191,0.041645298270824554,0.007263639022056789,54.0318353692338
0.10871223422044818,0.2761523475073552,0.07331149547943863,0.024304968109806414,0.17442603614247218,66.84698906923387
0.24024723083980093,0.3395363472309222,0.1379238555377278,0.21363248320166342,-0.10110866273655479,-54.89161201937706
0.23199629830047008,0.40346920403984166,0.09316019833379814,0.008854316172295559,0.27181855875629396,90.49560184428756
0.05997567381223279,0.15340520489727139,0.025150751640016754,0.0040886081600511725,0.1474708822887093,83.74359455108336
0.25073357647580086,0.3006543029134857,0.08837021189900747,0.05847323638372819,0.16126052824479678,33.83150823429797
0.1601777160275344,0.24615108280155606,0.031584612803477435,0.018960886810810765,0.06624850324498921,39.967961840193304
0.16075917942757278,0.20270215957913473,0.04476997996821338,0.015986713035895304,0.061707711806370094,64.29144474211101
